-- 🎬 Films Catalogue - Import SQL
-- Gerado automaticamente a partir dos CSVs do Data Lake
-- Este arquivo é executado automaticamente pelo Quarkus na inicialização

-- Importação dos filmes
INSERT INTO Movie (id, titulo, diretor, anoLancamento, genero) VALUES (1, 'The Shawshank Redemption', 'Frank Darabont', 1994, 'Drama');
INSERT INTO Movie (id, titulo, diretor, anoLancamento, genero) VALUES (2, 'The Godfather', 'Francis Ford Coppola', 1972, 'Crime');
INSERT INTO Movie (id, titulo, diretor, anoLancamento, genero) VALUES (3, 'The Dark Knight', 'Christopher Nolan', 2008, 'Action');
INSERT INTO Movie (id, titulo, diretor, anoLancamento, genero) VALUES (4, '12 Angry Men', 'Sidney Lumet', 1957, 'Drama');
INSERT INTO Movie (id, titulo, diretor, anoLancamento, genero) VALUES (5, 'Schindler''s List', 'Steven Spielberg', 1993, 'Drama');
INSERT INTO Movie (id, titulo, diretor, anoLancamento, genero) VALUES (6, 'The Lord of the Rings: The Return of the King', 'Peter Jackson', 2003, 'Adventure');
INSERT INTO Movie (id, titulo, diretor, anoLancamento, genero) VALUES (7, 'Pulp Fiction', 'Quentin Tarantino', 1994, 'Crime');
INSERT INTO Movie (id, titulo, diretor, anoLancamento, genero) VALUES (8, 'The Good the Bad and the Ugly', 'Sergio Leone', 1966, 'Western');
INSERT INTO Movie (id, titulo, diretor, anoLancamento, genero) VALUES (9, 'Fight Club', 'David Fincher', 1999, 'Drama');
INSERT INTO Movie (id, titulo, diretor, anoLancamento, genero) VALUES (10, 'Forrest Gump', 'Robert Zemeckis', 1994, 'Drama');
INSERT INTO Movie (id, titulo, diretor, anoLancamento, genero) VALUES (11, 'The Silence of the Lambs', 'Jonathan Demme', 1991, 'Thriller');
INSERT INTO Movie (id, titulo, diretor, anoLancamento, genero) VALUES (12, 'Interstellar', 'Christopher Nolan', 2014, 'Sci-Fi');
INSERT INTO Movie (id, titulo, diretor, anoLancamento, genero) VALUES (13, 'The Lord of the Rings: The Fellowship of the Ring', 'Peter Jackson', 2001, 'Adventure');
INSERT INTO Movie (id, titulo, diretor, anoLancamento, genero) VALUES (14, 'The Lord of the Rings: The Two Towers', 'Peter Jackson', 2002, 'Adventure');
INSERT INTO Movie (id, titulo, diretor, anoLancamento, genero) VALUES (15, 'Spirited Away', 'Hayao Miyazaki', 2001, 'Animation');
INSERT INTO Movie (id, titulo, diretor, anoLancamento, genero) VALUES (16, 'Goodfellas', 'Martin Scorsese', 1990, 'Crime');
INSERT INTO Movie (id, titulo, diretor, anoLancamento, genero) VALUES (17, 'One Flew Over the Cuckoo''s Nest', 'Milos Forman', 1975, 'Drama');
INSERT INTO Movie (id, titulo, diretor, anoLancamento, genero) VALUES (18, 'Seven Samurai', 'Akira Kurosawa', 1954, 'Action');
INSERT INTO Movie (id, titulo, diretor, anoLancamento, genero) VALUES (19, 'City of God', 'Fernando Meirelles', 2002, 'Crime');
INSERT INTO Movie (id, titulo, diretor, anoLancamento, genero) VALUES (20, 'Se7en', 'David Fincher', 1995, 'Thriller');
INSERT INTO Movie (id, titulo, diretor, anoLancamento, genero) VALUES (21, 'Star Wars', 'George Lucas', 1977, 'Sci-Fi');
INSERT INTO Movie (id, titulo, diretor, anoLancamento, genero) VALUES (22, 'Star Wars: The Empire Strikes Back', 'Irvin Kershner', 1980, 'Sci-Fi');
INSERT INTO Movie (id, titulo, diretor, anoLancamento, genero) VALUES (23, 'Raiders of the Lost Ark', 'Steven Spielberg', 1981, 'Adventure');
INSERT INTO Movie (id, titulo, diretor, anoLancamento, genero) VALUES (24, 'Saving Private Ryan', 'Steven Spielberg', 1998, 'War');
INSERT INTO Movie (id, titulo, diretor, anoLancamento, genero) VALUES (25, 'Terminator 2: Judgment Day', 'James Cameron', 1991, 'Action');
INSERT INTO Movie (id, titulo, diretor, anoLancamento, genero) VALUES (26, 'Léon: The Professional', 'Luc Besson', 1994, 'Action');
INSERT INTO Movie (id, titulo, diretor, anoLancamento, genero) VALUES (27, 'Gladiator', 'Ridley Scott', 2000, 'Action');
INSERT INTO Movie (id, titulo, diretor, anoLancamento, genero) VALUES (28, 'Back to the Future', 'Robert Zemeckis', 1985, 'Sci-Fi');
INSERT INTO Movie (id, titulo, diretor, anoLancamento, genero) VALUES (29, 'The Departed', 'Martin Scorsese', 2006, 'Crime');
INSERT INTO Movie (id, titulo, diretor, anoLancamento, genero) VALUES (30, 'The Prestige', 'Christopher Nolan', 2006, 'Mystery');
INSERT INTO Movie (id, titulo, diretor, anoLancamento, genero) VALUES (31, 'The Pianist', 'Roman Polanski', 2002, 'Drama');
INSERT INTO Movie (id, titulo, diretor, anoLancamento, genero) VALUES (32, 'Modern Times', 'Charlie Chaplin', 1936, 'Comedy');
INSERT INTO Movie (id, titulo, diretor, anoLancamento, genero) VALUES (33, 'Psycho', 'Alfred Hitchcock', 1960, 'Thriller');
INSERT INTO Movie (id, titulo, diretor, anoLancamento, genero) VALUES (34, 'Grave of the Fireflies', 'Isao Takahata', 1988, 'Animation');
INSERT INTO Movie (id, titulo, diretor, anoLancamento, genero) VALUES (35, 'Alien', 'Ridley Scott', 1979, 'Horror');
INSERT INTO Movie (id, titulo, diretor, anoLancamento, genero) VALUES (36, 'Cinema Paradiso', 'Giuseppe Tornatore', 1988, 'Drama');
INSERT INTO Movie (id, titulo, diretor, anoLancamento, genero) VALUES (37, 'WALL-E', 'Andrew Stanton', 2008, 'Animation');
INSERT INTO Movie (id, titulo, diretor, anoLancamento, genero) VALUES (38, 'Life Is Beautiful', 'Roberto Benigni', 1997, 'Comedy');
INSERT INTO Movie (id, titulo, diretor, anoLancamento, genero) VALUES (39, 'The Usual Suspects', 'Bryan Singer', 1995, 'Crime');
INSERT INTO Movie (id, titulo, diretor, anoLancamento, genero) VALUES (40, 'American Beauty', 'Sam Mendes', 1999, 'Drama');
INSERT INTO Movie (id, titulo, diretor, anoLancamento, genero) VALUES (41, 'Aliens', 'James Cameron', 1986, 'Action');
INSERT INTO Movie (id, titulo, diretor, anoLancamento, genero) VALUES (42, 'The Matrix', 'The Wachowskis', 1999, 'Sci-Fi');
INSERT INTO Movie (id, titulo, diretor, anoLancamento, genero) VALUES (43, 'Snatch', 'Guy Ritchie', 2000, 'Crime');
INSERT INTO Movie (id, titulo, diretor, anoLancamento, genero) VALUES (44, 'Reservoir Dogs', 'Quentin Tarantino', 1992, 'Crime');
INSERT INTO Movie (id, titulo, diretor, anoLancamento, genero) VALUES (45, 'The Green Mile', 'Frank Darabont', 1999, 'Drama');

-- Importação dos usuários
INSERT INTO Usuario (id, nome, dataNascimento, pais) VALUES (1, 'John Smith', '1999-01-15', 'USA');
INSERT INTO Usuario (id, nome, dataNascimento, pais) VALUES (2, 'Maria Silva', '1992-03-20', 'Brazil');
INSERT INTO Usuario (id, nome, dataNascimento, pais) VALUES (3, 'Hans Mueller', '1979-07-10', 'Germany');
INSERT INTO Usuario (id, nome, dataNascimento, pais) VALUES (4, 'Emma Wilson', '1996-11-05', 'UK');
INSERT INTO Usuario (id, nome, dataNascimento, pais) VALUES (5, 'Pierre Dupont', '1986-02-28', 'France');
INSERT INTO Usuario (id, nome, dataNascimento, pais) VALUES (6, 'Yuki Tanaka', '1995-04-12', 'Japan');
INSERT INTO Usuario (id, nome, dataNascimento, pais) VALUES (7, 'Carlos Rodriguez', '1983-09-18', 'Spain');
INSERT INTO Usuario (id, nome, dataNascimento, pais) VALUES (8, 'Anna Kowalski', '1991-12-03', 'Poland');
INSERT INTO Usuario (id, nome, dataNascimento, pais) VALUES (9, 'David Johnson', '1997-06-25', 'Canada');
INSERT INTO Usuario (id, nome, dataNascimento, pais) VALUES (10, 'Sofia Rossi', '1989-05-14', 'Italy');
INSERT INTO Usuario (id, nome, dataNascimento, pais) VALUES (11, 'Ahmed Hassan', '1993-08-21', 'Egypt');
INSERT INTO Usuario (id, nome, dataNascimento, pais) VALUES (12, 'Lisa Anderson', '1998-12-07', 'Sweden');
INSERT INTO Usuario (id, nome, dataNascimento, pais) VALUES (13, 'Miguel Santos', '1985-03-19', 'Mexico');
INSERT INTO Usuario (id, nome, dataNascimento, pais) VALUES (14, 'Elena Petrov', '1982-10-30', 'Russia');
INSERT INTO Usuario (id, nome, dataNascimento, pais) VALUES (15, 'James Brown', '1994-07-25', 'Australia');
INSERT INTO Usuario (id, nome, dataNascimento, pais) VALUES (16, 'Fatima Al-Zahra', '2000-01-08', 'UAE');
INSERT INTO Usuario (id, nome, dataNascimento, pais) VALUES (17, 'Roberto Costa', '1988-06-12', 'Portugal');
INSERT INTO Usuario (id, nome, dataNascimento, pais) VALUES (18, 'Ingrid Larsson', '1980-11-18', 'Norway');
INSERT INTO Usuario (id, nome, dataNascimento, pais) VALUES (19, 'Chen Wei', '1996-04-22', 'China');
INSERT INTO Usuario (id, nome, dataNascimento, pais) VALUES (20, 'Priya Sharma', '1991-09-15', 'India');
INSERT INTO Usuario (id, nome, dataNascimento, pais) VALUES (21, 'Alex Ivy', '1991-10-22', 'USA');
INSERT INTO Usuario (id, nome, dataNascimento, pais) VALUES (22, 'Emma Alex', '1992-11-23', 'Brazil');
INSERT INTO Usuario (id, nome, dataNascimento, pais) VALUES (23, 'John Emma', '1993-12-24', 'Germany');
INSERT INTO Usuario (id, nome, dataNascimento, pais) VALUES (24, 'Sara John', '1994-01-25', 'UK');
INSERT INTO Usuario (id, nome, dataNascimento, pais) VALUES (25, 'Mike Sara', '1995-02-26', 'France');
INSERT INTO Usuario (id, nome, dataNascimento, pais) VALUES (26, 'Ana Mike', '1996-03-27', 'Japan');
INSERT INTO Usuario (id, nome, dataNascimento, pais) VALUES (27, 'Tom Ana', '1997-04-28', 'Spain');
INSERT INTO Usuario (id, nome, dataNascimento, pais) VALUES (28, 'Lisa Tom', '1998-05-01', 'Poland');
INSERT INTO Usuario (id, nome, dataNascimento, pais) VALUES (29, 'Paul Lisa', '1999-06-02', 'Canada');
INSERT INTO Usuario (id, nome, dataNascimento, pais) VALUES (30, 'Nina Paul', '2000-07-03', 'Italy');
INSERT INTO Usuario (id, nome, dataNascimento, pais) VALUES (31, 'Max Nina', '2001-08-04', 'Egypt');
INSERT INTO Usuario (id, nome, dataNascimento, pais) VALUES (32, 'Eva Max', '2002-09-05', 'Sweden');
INSERT INTO Usuario (id, nome, dataNascimento, pais) VALUES (33, 'Ben Eva', '2003-10-06', 'Mexico');
INSERT INTO Usuario (id, nome, dataNascimento, pais) VALUES (34, 'Mia Ben', '2004-11-07', 'Russia');
INSERT INTO Usuario (id, nome, dataNascimento, pais) VALUES (35, 'Sam Mia', '2005-12-08', 'Australia');
INSERT INTO Usuario (id, nome, dataNascimento, pais) VALUES (36, 'Zoe Sam', '2006-01-09', 'UAE');
INSERT INTO Usuario (id, nome, dataNascimento, pais) VALUES (37, 'Dan Zoe', '2007-02-10', 'Portugal');
INSERT INTO Usuario (id, nome, dataNascimento, pais) VALUES (38, 'Amy Dan', '2008-03-11', 'Norway');
INSERT INTO Usuario (id, nome, dataNascimento, pais) VALUES (39, 'Leo Amy', '2009-04-12', 'China');
INSERT INTO Usuario (id, nome, dataNascimento, pais) VALUES (40, 'Ivy Leo', '1970-05-13', 'India');
INSERT INTO Usuario (id, nome, dataNascimento, pais) VALUES (41, 'Alex Ivy', '1971-06-14', 'USA');
INSERT INTO Usuario (id, nome, dataNascimento, pais) VALUES (42, 'Emma Alex', '1972-07-15', 'Brazil');
INSERT INTO Usuario (id, nome, dataNascimento, pais) VALUES (43, 'John Emma', '1973-08-16', 'Germany');
INSERT INTO Usuario (id, nome, dataNascimento, pais) VALUES (44, 'Sara John', '1974-09-17', 'UK');
INSERT INTO Usuario (id, nome, dataNascimento, pais) VALUES (45, 'Mike Sara', '1975-10-18', 'France');
INSERT INTO Usuario (id, nome, dataNascimento, pais) VALUES (46, 'Ana Mike', '1976-11-19', 'Japan');
INSERT INTO Usuario (id, nome, dataNascimento, pais) VALUES (47, 'Tom Ana', '1977-12-20', 'Spain');
INSERT INTO Usuario (id, nome, dataNascimento, pais) VALUES (48, 'Lisa Tom', '1978-01-21', 'Poland');
INSERT INTO Usuario (id, nome, dataNascimento, pais) VALUES (49, 'Paul Lisa', '1979-02-22', 'Canada');
INSERT INTO Usuario (id, nome, dataNascimento, pais) VALUES (50, 'Nina Paul', '1980-03-23', 'Italy');
INSERT INTO Usuario (id, nome, dataNascimento, pais) VALUES (51, 'Max Nina', '1981-04-24', 'Egypt');
INSERT INTO Usuario (id, nome, dataNascimento, pais) VALUES (52, 'Eva Max', '1982-05-25', 'Sweden');
INSERT INTO Usuario (id, nome, dataNascimento, pais) VALUES (53, 'Ben Eva', '1983-06-26', 'Mexico');
INSERT INTO Usuario (id, nome, dataNascimento, pais) VALUES (54, 'Mia Ben', '1984-07-27', 'Russia');
INSERT INTO Usuario (id, nome, dataNascimento, pais) VALUES (55, 'Sam Mia', '1985-08-28', 'Australia');
INSERT INTO Usuario (id, nome, dataNascimento, pais) VALUES (56, 'Zoe Sam', '1986-09-01', 'UAE');
INSERT INTO Usuario (id, nome, dataNascimento, pais) VALUES (57, 'Dan Zoe', '1987-10-02', 'Portugal');
INSERT INTO Usuario (id, nome, dataNascimento, pais) VALUES (58, 'Amy Dan', '1988-11-03', 'Norway');
INSERT INTO Usuario (id, nome, dataNascimento, pais) VALUES (59, 'Leo Amy', '1989-12-04', 'China');
INSERT INTO Usuario (id, nome, dataNascimento, pais) VALUES (60, 'Ivy Leo', '1990-01-05', 'India');
INSERT INTO Usuario (id, nome, dataNascimento, pais) VALUES (61, 'Alex Ivy', '1991-02-06', 'USA');
INSERT INTO Usuario (id, nome, dataNascimento, pais) VALUES (62, 'Emma Alex', '1992-03-07', 'Brazil');
INSERT INTO Usuario (id, nome, dataNascimento, pais) VALUES (63, 'John Emma', '1993-04-08', 'Germany');
INSERT INTO Usuario (id, nome, dataNascimento, pais) VALUES (64, 'Sara John', '1994-05-09', 'UK');
INSERT INTO Usuario (id, nome, dataNascimento, pais) VALUES (65, 'Mike Sara', '1995-06-10', 'France');
INSERT INTO Usuario (id, nome, dataNascimento, pais) VALUES (66, 'Ana Mike', '1996-07-11', 'Japan');
INSERT INTO Usuario (id, nome, dataNascimento, pais) VALUES (67, 'Tom Ana', '1997-08-12', 'Spain');
INSERT INTO Usuario (id, nome, dataNascimento, pais) VALUES (68, 'Lisa Tom', '1998-09-13', 'Poland');
INSERT INTO Usuario (id, nome, dataNascimento, pais) VALUES (69, 'Paul Lisa', '1999-10-14', 'Canada');
INSERT INTO Usuario (id, nome, dataNascimento, pais) VALUES (70, 'Nina Paul', '2000-11-15', 'Italy');
INSERT INTO Usuario (id, nome, dataNascimento, pais) VALUES (71, 'Max Nina', '2001-12-16', 'Egypt');
INSERT INTO Usuario (id, nome, dataNascimento, pais) VALUES (72, 'Eva Max', '2002-01-17', 'Sweden');
INSERT INTO Usuario (id, nome, dataNascimento, pais) VALUES (73, 'Ben Eva', '2003-02-18', 'Mexico');
INSERT INTO Usuario (id, nome, dataNascimento, pais) VALUES (74, 'Mia Ben', '2004-03-19', 'Russia');
INSERT INTO Usuario (id, nome, dataNascimento, pais) VALUES (75, 'Sam Mia', '2005-04-20', 'Australia');
INSERT INTO Usuario (id, nome, dataNascimento, pais) VALUES (76, 'Zoe Sam', '2006-05-21', 'UAE');
INSERT INTO Usuario (id, nome, dataNascimento, pais) VALUES (77, 'Dan Zoe', '2007-06-22', 'Portugal');
INSERT INTO Usuario (id, nome, dataNascimento, pais) VALUES (78, 'Amy Dan', '2008-07-23', 'Norway');
INSERT INTO Usuario (id, nome, dataNascimento, pais) VALUES (79, 'Leo Amy', '2009-08-24', 'China');
INSERT INTO Usuario (id, nome, dataNascimento, pais) VALUES (80, 'Ivy Leo', '1970-09-25', 'India');
INSERT INTO Usuario (id, nome, dataNascimento, pais) VALUES (81, 'Alex Ivy', '1971-10-26', 'USA');
INSERT INTO Usuario (id, nome, dataNascimento, pais) VALUES (82, 'Emma Alex', '1972-11-27', 'Brazil');
INSERT INTO Usuario (id, nome, dataNascimento, pais) VALUES (83, 'John Emma', '1973-12-28', 'Germany');
INSERT INTO Usuario (id, nome, dataNascimento, pais) VALUES (84, 'Sara John', '1974-01-01', 'UK');
INSERT INTO Usuario (id, nome, dataNascimento, pais) VALUES (85, 'Mike Sara', '1975-02-02', 'France');
INSERT INTO Usuario (id, nome, dataNascimento, pais) VALUES (86, 'Ana Mike', '1976-03-03', 'Japan');
INSERT INTO Usuario (id, nome, dataNascimento, pais) VALUES (87, 'Tom Ana', '1977-04-04', 'Spain');
INSERT INTO Usuario (id, nome, dataNascimento, pais) VALUES (88, 'Lisa Tom', '1978-05-05', 'Poland');
INSERT INTO Usuario (id, nome, dataNascimento, pais) VALUES (89, 'Paul Lisa', '1979-06-06', 'Canada');
INSERT INTO Usuario (id, nome, dataNascimento, pais) VALUES (90, 'Nina Paul', '1980-07-07', 'Italy');
INSERT INTO Usuario (id, nome, dataNascimento, pais) VALUES (91, 'Max Nina', '1981-08-08', 'Egypt');
INSERT INTO Usuario (id, nome, dataNascimento, pais) VALUES (92, 'Eva Max', '1982-09-09', 'Sweden');
INSERT INTO Usuario (id, nome, dataNascimento, pais) VALUES (93, 'Ben Eva', '1983-10-10', 'Mexico');
INSERT INTO Usuario (id, nome, dataNascimento, pais) VALUES (94, 'Mia Ben', '1984-11-11', 'Russia');
INSERT INTO Usuario (id, nome, dataNascimento, pais) VALUES (95, 'Sam Mia', '1985-12-12', 'Australia');
INSERT INTO Usuario (id, nome, dataNascimento, pais) VALUES (96, 'Zoe Sam', '1986-01-13', 'UAE');
INSERT INTO Usuario (id, nome, dataNascimento, pais) VALUES (97, 'Dan Zoe', '1987-02-14', 'Portugal');
INSERT INTO Usuario (id, nome, dataNascimento, pais) VALUES (98, 'Amy Dan', '1988-03-15', 'Norway');
INSERT INTO Usuario (id, nome, dataNascimento, pais) VALUES (99, 'Leo Amy', '1989-04-16', 'China');
INSERT INTO Usuario (id, nome, dataNascimento, pais) VALUES (100, 'Ivy Leo', '1990-05-17', 'India');

-- Importação das avaliações
INSERT INTO Avaliacao (id, usuario_id, movie_id, nota, dataAvaliacao) VALUES (1, 82, 8, 6, '2024-06-09 12:00:00');
INSERT INTO Avaliacao (id, usuario_id, movie_id, nota, dataAvaliacao) VALUES (2, 32, 15, 7, '2024-06-04 12:00:00');
INSERT INTO Avaliacao (id, usuario_id, movie_id, nota, dataAvaliacao) VALUES (3, 87, 35, 6, '2024-05-14 12:00:00');
INSERT INTO Avaliacao (id, usuario_id, movie_id, nota, dataAvaliacao) VALUES (4, 5, 2, 6, '2024-02-08 12:00:00');
INSERT INTO Avaliacao (id, usuario_id, movie_id, nota, dataAvaliacao) VALUES (5, 65, 39, 6, '2024-05-07 12:00:00');
INSERT INTO Avaliacao (id, usuario_id, movie_id, nota, dataAvaliacao) VALUES (6, 92, 42, 10, '2024-04-08 12:00:00');
INSERT INTO Avaliacao (id, usuario_id, movie_id, nota, dataAvaliacao) VALUES (7, 58, 38, 8, '2024-07-28 12:00:00');
INSERT INTO Avaliacao (id, usuario_id, movie_id, nota, dataAvaliacao) VALUES (8, 1, 11, 9, '2024-03-09 12:00:00');
INSERT INTO Avaliacao (id, usuario_id, movie_id, nota, dataAvaliacao) VALUES (9, 20, 14, 8, '2024-01-03 12:00:00');
INSERT INTO Avaliacao (id, usuario_id, movie_id, nota, dataAvaliacao) VALUES (10, 49, 7, 8, '2024-07-12 12:00:00');
INSERT INTO Avaliacao (id, usuario_id, movie_id, nota, dataAvaliacao) VALUES (11, 78, 17, 6, '2024-06-15 12:00:00');
INSERT INTO Avaliacao (id, usuario_id, movie_id, nota, dataAvaliacao) VALUES (12, 69, 8, 9, '2024-01-18 12:00:00');
INSERT INTO Avaliacao (id, usuario_id, movie_id, nota, dataAvaliacao) VALUES (13, 38, 41, 10, '2024-07-12 12:00:00');
INSERT INTO Avaliacao (id, usuario_id, movie_id, nota, dataAvaliacao) VALUES (14, 74, 13, 6, '2024-01-22 12:00:00');
INSERT INTO Avaliacao (id, usuario_id, movie_id, nota, dataAvaliacao) VALUES (15, 30, 19, 6, '2024-07-08 12:00:00');
INSERT INTO Avaliacao (id, usuario_id, movie_id, nota, dataAvaliacao) VALUES (16, 13, 25, 8, '2024-04-21 12:00:00');
INSERT INTO Avaliacao (id, usuario_id, movie_id, nota, dataAvaliacao) VALUES (17, 47, 11, 8, '2024-03-07 12:00:00');
INSERT INTO Avaliacao (id, usuario_id, movie_id, nota, dataAvaliacao) VALUES (18, 86, 18, 6, '2024-05-21 12:00:00');
INSERT INTO Avaliacao (id, usuario_id, movie_id, nota, dataAvaliacao) VALUES (19, 22, 35, 7, '2024-02-15 12:00:00');
INSERT INTO Avaliacao (id, usuario_id, movie_id, nota, dataAvaliacao) VALUES (20, 49, 18, 10, '2024-02-22 12:00:00');
INSERT INTO Avaliacao (id, usuario_id, movie_id, nota, dataAvaliacao) VALUES (21, 42, 4, 7, '2024-07-02 12:00:00');
INSERT INTO Avaliacao (id, usuario_id, movie_id, nota, dataAvaliacao) VALUES (22, 41, 26, 8, '2024-01-07 12:00:00');
INSERT INTO Avaliacao (id, usuario_id, movie_id, nota, dataAvaliacao) VALUES (23, 73, 21, 7, '2024-06-16 12:00:00');
INSERT INTO Avaliacao (id, usuario_id, movie_id, nota, dataAvaliacao) VALUES (24, 51, 42, 9, '2024-02-09 12:00:00');
INSERT INTO Avaliacao (id, usuario_id, movie_id, nota, dataAvaliacao) VALUES (25, 18, 16, 10, '2024-05-09 12:00:00');
INSERT INTO Avaliacao (id, usuario_id, movie_id, nota, dataAvaliacao) VALUES (26, 96, 38, 9, '2024-05-13 12:00:00');
INSERT INTO Avaliacao (id, usuario_id, movie_id, nota, dataAvaliacao) VALUES (27, 47, 15, 7, '2024-05-16 12:00:00');
INSERT INTO Avaliacao (id, usuario_id, movie_id, nota, dataAvaliacao) VALUES (28, 12, 4, 6, '2024-02-21 12:00:00');
INSERT INTO Avaliacao (id, usuario_id, movie_id, nota, dataAvaliacao) VALUES (29, 21, 44, 9, '2024-05-03 12:00:00');
INSERT INTO Avaliacao (id, usuario_id, movie_id, nota, dataAvaliacao) VALUES (30, 50, 25, 10, '2024-04-17 12:00:00');
INSERT INTO Avaliacao (id, usuario_id, movie_id, nota, dataAvaliacao) VALUES (31, 33, 36, 6, '2024-06-24 12:00:00');
INSERT INTO Avaliacao (id, usuario_id, movie_id, nota, dataAvaliacao) VALUES (32, 15, 44, 10, '2024-07-09 12:00:00');
INSERT INTO Avaliacao (id, usuario_id, movie_id, nota, dataAvaliacao) VALUES (33, 99, 42, 8, '2024-01-10 12:00:00');
INSERT INTO Avaliacao (id, usuario_id, movie_id, nota, dataAvaliacao) VALUES (34, 56, 11, 9, '2024-01-24 12:00:00');
INSERT INTO Avaliacao (id, usuario_id, movie_id, nota, dataAvaliacao) VALUES (35, 93, 17, 10, '2024-07-06 12:00:00');
INSERT INTO Avaliacao (id, usuario_id, movie_id, nota, dataAvaliacao) VALUES (36, 65, 7, 8, '2024-07-21 12:00:00');
INSERT INTO Avaliacao (id, usuario_id, movie_id, nota, dataAvaliacao) VALUES (37, 65, 39, 7, '2024-02-12 12:00:00');
INSERT INTO Avaliacao (id, usuario_id, movie_id, nota, dataAvaliacao) VALUES (38, 98, 11, 10, '2024-07-17 12:00:00');
INSERT INTO Avaliacao (id, usuario_id, movie_id, nota, dataAvaliacao) VALUES (39, 1, 39, 8, '2024-04-01 12:00:00');
INSERT INTO Avaliacao (id, usuario_id, movie_id, nota, dataAvaliacao) VALUES (40, 15, 24, 8, '2024-02-02 12:00:00');
INSERT INTO Avaliacao (id, usuario_id, movie_id, nota, dataAvaliacao) VALUES (41, 31, 37, 6, '2024-01-24 12:00:00');
INSERT INTO Avaliacao (id, usuario_id, movie_id, nota, dataAvaliacao) VALUES (42, 63, 5, 10, '2024-07-05 12:00:00');
INSERT INTO Avaliacao (id, usuario_id, movie_id, nota, dataAvaliacao) VALUES (43, 17, 43, 9, '2024-05-06 12:00:00');
INSERT INTO Avaliacao (id, usuario_id, movie_id, nota, dataAvaliacao) VALUES (44, 34, 34, 10, '2024-04-07 12:00:00');
INSERT INTO Avaliacao (id, usuario_id, movie_id, nota, dataAvaliacao) VALUES (45, 70, 45, 7, '2024-06-10 12:00:00');
INSERT INTO Avaliacao (id, usuario_id, movie_id, nota, dataAvaliacao) VALUES (46, 52, 43, 8, '2024-04-17 12:00:00');
INSERT INTO Avaliacao (id, usuario_id, movie_id, nota, dataAvaliacao) VALUES (47, 58, 8, 7, '2024-02-03 12:00:00');
INSERT INTO Avaliacao (id, usuario_id, movie_id, nota, dataAvaliacao) VALUES (48, 44, 2, 10, '2024-05-08 12:00:00');
INSERT INTO Avaliacao (id, usuario_id, movie_id, nota, dataAvaliacao) VALUES (49, 76, 15, 6, '2024-01-23 12:00:00');
INSERT INTO Avaliacao (id, usuario_id, movie_id, nota, dataAvaliacao) VALUES (50, 81, 4, 7, '2024-01-02 12:00:00');
INSERT INTO Avaliacao (id, usuario_id, movie_id, nota, dataAvaliacao) VALUES (51, 43, 5, 10, '2024-02-09 12:00:00');
INSERT INTO Avaliacao (id, usuario_id, movie_id, nota, dataAvaliacao) VALUES (52, 86, 32, 7, '2024-05-05 12:00:00');
INSERT INTO Avaliacao (id, usuario_id, movie_id, nota, dataAvaliacao) VALUES (53, 93, 37, 10, '2024-04-08 12:00:00');
INSERT INTO Avaliacao (id, usuario_id, movie_id, nota, dataAvaliacao) VALUES (54, 61, 27, 7, '2024-01-04 12:00:00');
INSERT INTO Avaliacao (id, usuario_id, movie_id, nota, dataAvaliacao) VALUES (55, 85, 28, 8, '2024-04-14 12:00:00');
INSERT INTO Avaliacao (id, usuario_id, movie_id, nota, dataAvaliacao) VALUES (56, 60, 4, 6, '2024-01-13 12:00:00');
INSERT INTO Avaliacao (id, usuario_id, movie_id, nota, dataAvaliacao) VALUES (57, 94, 22, 6, '2024-02-07 12:00:00');
INSERT INTO Avaliacao (id, usuario_id, movie_id, nota, dataAvaliacao) VALUES (58, 25, 35, 9, '2024-02-14 12:00:00');
INSERT INTO Avaliacao (id, usuario_id, movie_id, nota, dataAvaliacao) VALUES (59, 24, 18, 9, '2024-02-28 12:00:00');
INSERT INTO Avaliacao (id, usuario_id, movie_id, nota, dataAvaliacao) VALUES (60, 10, 29, 10, '2024-01-02 12:00:00');
INSERT INTO Avaliacao (id, usuario_id, movie_id, nota, dataAvaliacao) VALUES (61, 84, 35, 6, '2024-01-25 12:00:00');
INSERT INTO Avaliacao (id, usuario_id, movie_id, nota, dataAvaliacao) VALUES (62, 31, 11, 9, '2024-04-16 12:00:00');
INSERT INTO Avaliacao (id, usuario_id, movie_id, nota, dataAvaliacao) VALUES (63, 28, 26, 6, '2024-02-13 12:00:00');
INSERT INTO Avaliacao (id, usuario_id, movie_id, nota, dataAvaliacao) VALUES (64, 1, 25, 8, '2024-07-26 12:00:00');
INSERT INTO Avaliacao (id, usuario_id, movie_id, nota, dataAvaliacao) VALUES (65, 59, 19, 9, '2024-06-24 12:00:00');
INSERT INTO Avaliacao (id, usuario_id, movie_id, nota, dataAvaliacao) VALUES (66, 72, 43, 9, '2024-02-07 12:00:00');
INSERT INTO Avaliacao (id, usuario_id, movie_id, nota, dataAvaliacao) VALUES (67, 38, 14, 6, '2024-05-24 12:00:00');
INSERT INTO Avaliacao (id, usuario_id, movie_id, nota, dataAvaliacao) VALUES (68, 70, 4, 8, '2024-01-02 12:00:00');
INSERT INTO Avaliacao (id, usuario_id, movie_id, nota, dataAvaliacao) VALUES (69, 75, 31, 10, '2024-07-17 12:00:00');
INSERT INTO Avaliacao (id, usuario_id, movie_id, nota, dataAvaliacao) VALUES (70, 21, 4, 10, '2024-01-28 12:00:00');
INSERT INTO Avaliacao (id, usuario_id, movie_id, nota, dataAvaliacao) VALUES (71, 24, 5, 10, '2024-01-22 12:00:00');
INSERT INTO Avaliacao (id, usuario_id, movie_id, nota, dataAvaliacao) VALUES (72, 31, 26, 6, '2024-05-08 12:00:00');
INSERT INTO Avaliacao (id, usuario_id, movie_id, nota, dataAvaliacao) VALUES (73, 75, 39, 6, '2024-05-03 12:00:00');
INSERT INTO Avaliacao (id, usuario_id, movie_id, nota, dataAvaliacao) VALUES (74, 54, 43, 10, '2024-05-17 12:00:00');
INSERT INTO Avaliacao (id, usuario_id, movie_id, nota, dataAvaliacao) VALUES (75, 41, 17, 7, '2024-06-23 12:00:00');
INSERT INTO Avaliacao (id, usuario_id, movie_id, nota, dataAvaliacao) VALUES (76, 41, 16, 8, '2024-04-05 12:00:00');
INSERT INTO Avaliacao (id, usuario_id, movie_id, nota, dataAvaliacao) VALUES (77, 86, 42, 8, '2024-04-11 12:00:00');
INSERT INTO Avaliacao (id, usuario_id, movie_id, nota, dataAvaliacao) VALUES (78, 97, 5, 6, '2024-04-20 12:00:00');
INSERT INTO Avaliacao (id, usuario_id, movie_id, nota, dataAvaliacao) VALUES (79, 73, 7, 6, '2024-05-07 12:00:00');
INSERT INTO Avaliacao (id, usuario_id, movie_id, nota, dataAvaliacao) VALUES (80, 65, 17, 7, '2024-03-03 12:00:00');
INSERT INTO Avaliacao (id, usuario_id, movie_id, nota, dataAvaliacao) VALUES (81, 32, 24, 8, '2024-02-15 12:00:00');
INSERT INTO Avaliacao (id, usuario_id, movie_id, nota, dataAvaliacao) VALUES (82, 70, 20, 10, '2024-07-21 12:00:00');
INSERT INTO Avaliacao (id, usuario_id, movie_id, nota, dataAvaliacao) VALUES (83, 68, 1, 10, '2024-03-22 12:00:00');
INSERT INTO Avaliacao (id, usuario_id, movie_id, nota, dataAvaliacao) VALUES (84, 14, 9, 8, '2024-01-04 12:00:00');
INSERT INTO Avaliacao (id, usuario_id, movie_id, nota, dataAvaliacao) VALUES (85, 96, 36, 7, '2024-03-10 12:00:00');
INSERT INTO Avaliacao (id, usuario_id, movie_id, nota, dataAvaliacao) VALUES (86, 78, 14, 8, '2024-02-22 12:00:00');
INSERT INTO Avaliacao (id, usuario_id, movie_id, nota, dataAvaliacao) VALUES (87, 82, 17, 10, '2024-04-09 12:00:00');
INSERT INTO Avaliacao (id, usuario_id, movie_id, nota, dataAvaliacao) VALUES (88, 7, 6, 9, '2024-07-09 12:00:00');
INSERT INTO Avaliacao (id, usuario_id, movie_id, nota, dataAvaliacao) VALUES (89, 6, 1, 8, '2024-07-05 12:00:00');
INSERT INTO Avaliacao (id, usuario_id, movie_id, nota, dataAvaliacao) VALUES (90, 82, 17, 7, '2024-06-15 12:00:00');
INSERT INTO Avaliacao (id, usuario_id, movie_id, nota, dataAvaliacao) VALUES (91, 71, 28, 10, '2024-01-04 12:00:00');
INSERT INTO Avaliacao (id, usuario_id, movie_id, nota, dataAvaliacao) VALUES (92, 10, 45, 7, '2024-05-02 12:00:00');
INSERT INTO Avaliacao (id, usuario_id, movie_id, nota, dataAvaliacao) VALUES (93, 48, 38, 10, '2024-02-14 12:00:00');
INSERT INTO Avaliacao (id, usuario_id, movie_id, nota, dataAvaliacao) VALUES (94, 17, 3, 8, '2024-03-26 12:00:00');
INSERT INTO Avaliacao (id, usuario_id, movie_id, nota, dataAvaliacao) VALUES (95, 6, 23, 7, '2024-06-08 12:00:00');
INSERT INTO Avaliacao (id, usuario_id, movie_id, nota, dataAvaliacao) VALUES (96, 86, 7, 8, '2024-07-18 12:00:00');
INSERT INTO Avaliacao (id, usuario_id, movie_id, nota, dataAvaliacao) VALUES (97, 53, 40, 7, '2024-02-28 12:00:00');
INSERT INTO Avaliacao (id, usuario_id, movie_id, nota, dataAvaliacao) VALUES (98, 21, 12, 9, '2024-01-06 12:00:00');
INSERT INTO Avaliacao (id, usuario_id, movie_id, nota, dataAvaliacao) VALUES (99, 95, 22, 9, '2024-07-22 12:00:00');
INSERT INTO Avaliacao (id, usuario_id, movie_id, nota, dataAvaliacao) VALUES (100, 95, 16, 8, '2024-02-26 12:00:00');
INSERT INTO Avaliacao (id, usuario_id, movie_id, nota, dataAvaliacao) VALUES (101, 90, 7, 9, '2024-07-02 12:00:00');
INSERT INTO Avaliacao (id, usuario_id, movie_id, nota, dataAvaliacao) VALUES (102, 61, 15, 7, '2024-07-15 12:00:00');
INSERT INTO Avaliacao (id, usuario_id, movie_id, nota, dataAvaliacao) VALUES (103, 45, 20, 7, '2024-02-01 12:00:00');
INSERT INTO Avaliacao (id, usuario_id, movie_id, nota, dataAvaliacao) VALUES (104, 85, 13, 9, '2024-03-09 12:00:00');
INSERT INTO Avaliacao (id, usuario_id, movie_id, nota, dataAvaliacao) VALUES (105, 9, 18, 8, '2024-06-17 12:00:00');
INSERT INTO Avaliacao (id, usuario_id, movie_id, nota, dataAvaliacao) VALUES (106, 52, 44, 10, '2024-03-01 12:00:00');
INSERT INTO Avaliacao (id, usuario_id, movie_id, nota, dataAvaliacao) VALUES (107, 15, 17, 7, '2024-05-09 12:00:00');
INSERT INTO Avaliacao (id, usuario_id, movie_id, nota, dataAvaliacao) VALUES (108, 5, 7, 10, '2024-04-12 12:00:00');
INSERT INTO Avaliacao (id, usuario_id, movie_id, nota, dataAvaliacao) VALUES (109, 94, 21, 9, '2024-05-17 12:00:00');
INSERT INTO Avaliacao (id, usuario_id, movie_id, nota, dataAvaliacao) VALUES (110, 15, 25, 10, '2024-02-09 12:00:00');
INSERT INTO Avaliacao (id, usuario_id, movie_id, nota, dataAvaliacao) VALUES (111, 6, 28, 6, '2024-05-26 12:00:00');
INSERT INTO Avaliacao (id, usuario_id, movie_id, nota, dataAvaliacao) VALUES (112, 69, 44, 7, '2024-03-14 12:00:00');
INSERT INTO Avaliacao (id, usuario_id, movie_id, nota, dataAvaliacao) VALUES (113, 9, 43, 8, '2024-05-11 12:00:00');
INSERT INTO Avaliacao (id, usuario_id, movie_id, nota, dataAvaliacao) VALUES (114, 85, 8, 8, '2024-05-10 12:00:00');
INSERT INTO Avaliacao (id, usuario_id, movie_id, nota, dataAvaliacao) VALUES (115, 86, 27, 8, '2024-04-23 12:00:00');
INSERT INTO Avaliacao (id, usuario_id, movie_id, nota, dataAvaliacao) VALUES (116, 38, 36, 7, '2024-02-14 12:00:00');
INSERT INTO Avaliacao (id, usuario_id, movie_id, nota, dataAvaliacao) VALUES (117, 86, 25, 7, '2024-05-19 12:00:00');
INSERT INTO Avaliacao (id, usuario_id, movie_id, nota, dataAvaliacao) VALUES (118, 39, 26, 10, '2024-07-01 12:00:00');
INSERT INTO Avaliacao (id, usuario_id, movie_id, nota, dataAvaliacao) VALUES (119, 39, 19, 7, '2024-04-26 12:00:00');
INSERT INTO Avaliacao (id, usuario_id, movie_id, nota, dataAvaliacao) VALUES (120, 75, 39, 8, '2024-04-15 12:00:00');
INSERT INTO Avaliacao (id, usuario_id, movie_id, nota, dataAvaliacao) VALUES (121, 57, 44, 7, '2024-05-16 12:00:00');
INSERT INTO Avaliacao (id, usuario_id, movie_id, nota, dataAvaliacao) VALUES (122, 95, 11, 6, '2024-03-17 12:00:00');
INSERT INTO Avaliacao (id, usuario_id, movie_id, nota, dataAvaliacao) VALUES (123, 85, 41, 10, '2024-03-03 12:00:00');
INSERT INTO Avaliacao (id, usuario_id, movie_id, nota, dataAvaliacao) VALUES (124, 97, 16, 8, '2024-02-26 12:00:00');
INSERT INTO Avaliacao (id, usuario_id, movie_id, nota, dataAvaliacao) VALUES (125, 26, 10, 6, '2024-01-08 12:00:00');
INSERT INTO Avaliacao (id, usuario_id, movie_id, nota, dataAvaliacao) VALUES (126, 61, 40, 6, '2024-04-14 12:00:00');
INSERT INTO Avaliacao (id, usuario_id, movie_id, nota, dataAvaliacao) VALUES (127, 81, 37, 7, '2024-06-23 12:00:00');
INSERT INTO Avaliacao (id, usuario_id, movie_id, nota, dataAvaliacao) VALUES (128, 50, 32, 9, '2024-02-05 12:00:00');
INSERT INTO Avaliacao (id, usuario_id, movie_id, nota, dataAvaliacao) VALUES (129, 84, 45, 6, '2024-07-28 12:00:00');
INSERT INTO Avaliacao (id, usuario_id, movie_id, nota, dataAvaliacao) VALUES (130, 99, 7, 9, '2024-02-06 12:00:00');
INSERT INTO Avaliacao (id, usuario_id, movie_id, nota, dataAvaliacao) VALUES (131, 90, 34, 9, '2024-01-18 12:00:00');
INSERT INTO Avaliacao (id, usuario_id, movie_id, nota, dataAvaliacao) VALUES (132, 32, 8, 9, '2024-02-26 12:00:00');
INSERT INTO Avaliacao (id, usuario_id, movie_id, nota, dataAvaliacao) VALUES (133, 60, 43, 10, '2024-05-20 12:00:00');
INSERT INTO Avaliacao (id, usuario_id, movie_id, nota, dataAvaliacao) VALUES (134, 41, 29, 10, '2024-07-24 12:00:00');
INSERT INTO Avaliacao (id, usuario_id, movie_id, nota, dataAvaliacao) VALUES (135, 65, 28, 10, '2024-04-06 12:00:00');
INSERT INTO Avaliacao (id, usuario_id, movie_id, nota, dataAvaliacao) VALUES (136, 96, 31, 9, '2024-03-25 12:00:00');
INSERT INTO Avaliacao (id, usuario_id, movie_id, nota, dataAvaliacao) VALUES (137, 32, 41, 8, '2024-07-25 12:00:00');
INSERT INTO Avaliacao (id, usuario_id, movie_id, nota, dataAvaliacao) VALUES (138, 67, 32, 7, '2024-03-15 12:00:00');
INSERT INTO Avaliacao (id, usuario_id, movie_id, nota, dataAvaliacao) VALUES (139, 10, 19, 7, '2024-03-11 12:00:00');
INSERT INTO Avaliacao (id, usuario_id, movie_id, nota, dataAvaliacao) VALUES (140, 41, 35, 6, '2024-02-05 12:00:00');
INSERT INTO Avaliacao (id, usuario_id, movie_id, nota, dataAvaliacao) VALUES (141, 30, 25, 7, '2024-06-07 12:00:00');
INSERT INTO Avaliacao (id, usuario_id, movie_id, nota, dataAvaliacao) VALUES (142, 9, 27, 9, '2024-03-18 12:00:00');
INSERT INTO Avaliacao (id, usuario_id, movie_id, nota, dataAvaliacao) VALUES (143, 60, 27, 6, '2024-02-27 12:00:00');
INSERT INTO Avaliacao (id, usuario_id, movie_id, nota, dataAvaliacao) VALUES (144, 54, 25, 10, '2024-06-01 12:00:00');
INSERT INTO Avaliacao (id, usuario_id, movie_id, nota, dataAvaliacao) VALUES (145, 98, 37, 9, '2024-04-01 12:00:00');
INSERT INTO Avaliacao (id, usuario_id, movie_id, nota, dataAvaliacao) VALUES (146, 46, 20, 9, '2024-07-27 12:00:00');
INSERT INTO Avaliacao (id, usuario_id, movie_id, nota, dataAvaliacao) VALUES (147, 54, 35, 10, '2024-07-20 12:00:00');
INSERT INTO Avaliacao (id, usuario_id, movie_id, nota, dataAvaliacao) VALUES (148, 29, 32, 7, '2024-03-14 12:00:00');
INSERT INTO Avaliacao (id, usuario_id, movie_id, nota, dataAvaliacao) VALUES (149, 63, 2, 9, '2024-03-22 12:00:00');
INSERT INTO Avaliacao (id, usuario_id, movie_id, nota, dataAvaliacao) VALUES (150, 87, 26, 7, '2024-07-15 12:00:00');
INSERT INTO Avaliacao (id, usuario_id, movie_id, nota, dataAvaliacao) VALUES (151, 17, 40, 10, '2024-01-13 12:00:00');
INSERT INTO Avaliacao (id, usuario_id, movie_id, nota, dataAvaliacao) VALUES (152, 76, 37, 6, '2024-01-21 12:00:00');
INSERT INTO Avaliacao (id, usuario_id, movie_id, nota, dataAvaliacao) VALUES (153, 55, 9, 9, '2024-02-02 12:00:00');
INSERT INTO Avaliacao (id, usuario_id, movie_id, nota, dataAvaliacao) VALUES (154, 34, 25, 8, '2024-02-15 12:00:00');
INSERT INTO Avaliacao (id, usuario_id, movie_id, nota, dataAvaliacao) VALUES (155, 42, 22, 9, '2024-03-25 12:00:00');
INSERT INTO Avaliacao (id, usuario_id, movie_id, nota, dataAvaliacao) VALUES (156, 54, 17, 6, '2024-04-01 12:00:00');
INSERT INTO Avaliacao (id, usuario_id, movie_id, nota, dataAvaliacao) VALUES (157, 96, 35, 6, '2024-03-08 12:00:00');
INSERT INTO Avaliacao (id, usuario_id, movie_id, nota, dataAvaliacao) VALUES (158, 84, 5, 6, '2024-07-01 12:00:00');
INSERT INTO Avaliacao (id, usuario_id, movie_id, nota, dataAvaliacao) VALUES (159, 32, 13, 6, '2024-05-05 12:00:00');
INSERT INTO Avaliacao (id, usuario_id, movie_id, nota, dataAvaliacao) VALUES (160, 31, 9, 9, '2024-06-04 12:00:00');
INSERT INTO Avaliacao (id, usuario_id, movie_id, nota, dataAvaliacao) VALUES (161, 73, 14, 9, '2024-06-09 12:00:00');
INSERT INTO Avaliacao (id, usuario_id, movie_id, nota, dataAvaliacao) VALUES (162, 99, 24, 7, '2024-05-20 12:00:00');
INSERT INTO Avaliacao (id, usuario_id, movie_id, nota, dataAvaliacao) VALUES (163, 96, 8, 7, '2024-03-04 12:00:00');
INSERT INTO Avaliacao (id, usuario_id, movie_id, nota, dataAvaliacao) VALUES (164, 75, 2, 8, '2024-05-22 12:00:00');
INSERT INTO Avaliacao (id, usuario_id, movie_id, nota, dataAvaliacao) VALUES (165, 49, 26, 7, '2024-01-19 12:00:00');
INSERT INTO Avaliacao (id, usuario_id, movie_id, nota, dataAvaliacao) VALUES (166, 89, 41, 7, '2024-01-23 12:00:00');
INSERT INTO Avaliacao (id, usuario_id, movie_id, nota, dataAvaliacao) VALUES (167, 99, 20, 10, '2024-07-04 12:00:00');
INSERT INTO Avaliacao (id, usuario_id, movie_id, nota, dataAvaliacao) VALUES (168, 73, 3, 8, '2024-05-14 12:00:00');
INSERT INTO Avaliacao (id, usuario_id, movie_id, nota, dataAvaliacao) VALUES (169, 85, 24, 6, '2024-05-21 12:00:00');
INSERT INTO Avaliacao (id, usuario_id, movie_id, nota, dataAvaliacao) VALUES (170, 44, 1, 9, '2024-07-16 12:00:00');
INSERT INTO Avaliacao (id, usuario_id, movie_id, nota, dataAvaliacao) VALUES (171, 14, 28, 8, '2024-06-27 12:00:00');
INSERT INTO Avaliacao (id, usuario_id, movie_id, nota, dataAvaliacao) VALUES (172, 59, 10, 9, '2024-02-24 12:00:00');
INSERT INTO Avaliacao (id, usuario_id, movie_id, nota, dataAvaliacao) VALUES (173, 67, 42, 8, '2024-05-26 12:00:00');
INSERT INTO Avaliacao (id, usuario_id, movie_id, nota, dataAvaliacao) VALUES (174, 69, 31, 9, '2024-04-27 12:00:00');
INSERT INTO Avaliacao (id, usuario_id, movie_id, nota, dataAvaliacao) VALUES (175, 94, 38, 8, '2024-03-28 12:00:00');
INSERT INTO Avaliacao (id, usuario_id, movie_id, nota, dataAvaliacao) VALUES (176, 32, 6, 8, '2024-04-08 12:00:00');
INSERT INTO Avaliacao (id, usuario_id, movie_id, nota, dataAvaliacao) VALUES (177, 97, 30, 10, '2024-05-22 12:00:00');
INSERT INTO Avaliacao (id, usuario_id, movie_id, nota, dataAvaliacao) VALUES (178, 49, 22, 6, '2024-04-28 12:00:00');
INSERT INTO Avaliacao (id, usuario_id, movie_id, nota, dataAvaliacao) VALUES (179, 42, 12, 9, '2024-02-12 12:00:00');
INSERT INTO Avaliacao (id, usuario_id, movie_id, nota, dataAvaliacao) VALUES (180, 34, 22, 8, '2024-05-23 12:00:00');
INSERT INTO Avaliacao (id, usuario_id, movie_id, nota, dataAvaliacao) VALUES (181, 36, 36, 6, '2024-05-07 12:00:00');
INSERT INTO Avaliacao (id, usuario_id, movie_id, nota, dataAvaliacao) VALUES (182, 11, 16, 9, '2024-04-18 12:00:00');
INSERT INTO Avaliacao (id, usuario_id, movie_id, nota, dataAvaliacao) VALUES (183, 98, 16, 9, '2024-06-23 12:00:00');
INSERT INTO Avaliacao (id, usuario_id, movie_id, nota, dataAvaliacao) VALUES (184, 63, 29, 6, '2024-01-10 12:00:00');
INSERT INTO Avaliacao (id, usuario_id, movie_id, nota, dataAvaliacao) VALUES (185, 29, 26, 7, '2024-03-22 12:00:00');
INSERT INTO Avaliacao (id, usuario_id, movie_id, nota, dataAvaliacao) VALUES (186, 75, 24, 9, '2024-05-17 12:00:00');
INSERT INTO Avaliacao (id, usuario_id, movie_id, nota, dataAvaliacao) VALUES (187, 45, 28, 10, '2024-03-12 12:00:00');
INSERT INTO Avaliacao (id, usuario_id, movie_id, nota, dataAvaliacao) VALUES (188, 90, 30, 8, '2024-03-09 12:00:00');
INSERT INTO Avaliacao (id, usuario_id, movie_id, nota, dataAvaliacao) VALUES (189, 30, 8, 7, '2024-03-04 12:00:00');
INSERT INTO Avaliacao (id, usuario_id, movie_id, nota, dataAvaliacao) VALUES (190, 96, 35, 7, '2024-02-07 12:00:00');
INSERT INTO Avaliacao (id, usuario_id, movie_id, nota, dataAvaliacao) VALUES (191, 95, 31, 8, '2024-06-19 12:00:00');
INSERT INTO Avaliacao (id, usuario_id, movie_id, nota, dataAvaliacao) VALUES (192, 98, 34, 10, '2024-03-04 12:00:00');
INSERT INTO Avaliacao (id, usuario_id, movie_id, nota, dataAvaliacao) VALUES (193, 25, 19, 7, '2024-03-06 12:00:00');
INSERT INTO Avaliacao (id, usuario_id, movie_id, nota, dataAvaliacao) VALUES (194, 39, 1, 10, '2024-02-09 12:00:00');
INSERT INTO Avaliacao (id, usuario_id, movie_id, nota, dataAvaliacao) VALUES (195, 6, 4, 10, '2024-03-23 12:00:00');
INSERT INTO Avaliacao (id, usuario_id, movie_id, nota, dataAvaliacao) VALUES (196, 17, 41, 9, '2024-01-28 12:00:00');
INSERT INTO Avaliacao (id, usuario_id, movie_id, nota, dataAvaliacao) VALUES (197, 2, 37, 8, '2024-04-16 12:00:00');
INSERT INTO Avaliacao (id, usuario_id, movie_id, nota, dataAvaliacao) VALUES (198, 57, 22, 7, '2024-01-09 12:00:00');
INSERT INTO Avaliacao (id, usuario_id, movie_id, nota, dataAvaliacao) VALUES (199, 62, 8, 6, '2024-04-16 12:00:00');
INSERT INTO Avaliacao (id, usuario_id, movie_id, nota, dataAvaliacao) VALUES (200, 10, 37, 6, '2024-02-05 12:00:00');
INSERT INTO Avaliacao (id, usuario_id, movie_id, nota, dataAvaliacao) VALUES (201, 73, 20, 6, '2024-02-04 12:00:00');
INSERT INTO Avaliacao (id, usuario_id, movie_id, nota, dataAvaliacao) VALUES (202, 72, 27, 10, '2024-05-26 12:00:00');
INSERT INTO Avaliacao (id, usuario_id, movie_id, nota, dataAvaliacao) VALUES (203, 80, 15, 10, '2024-04-15 12:00:00');
INSERT INTO Avaliacao (id, usuario_id, movie_id, nota, dataAvaliacao) VALUES (204, 57, 20, 10, '2024-04-10 12:00:00');
INSERT INTO Avaliacao (id, usuario_id, movie_id, nota, dataAvaliacao) VALUES (205, 73, 40, 6, '2024-05-24 12:00:00');
INSERT INTO Avaliacao (id, usuario_id, movie_id, nota, dataAvaliacao) VALUES (206, 13, 14, 7, '2024-03-22 12:00:00');
INSERT INTO Avaliacao (id, usuario_id, movie_id, nota, dataAvaliacao) VALUES (207, 11, 11, 7, '2024-02-18 12:00:00');
INSERT INTO Avaliacao (id, usuario_id, movie_id, nota, dataAvaliacao) VALUES (208, 10, 11, 6, '2024-04-15 12:00:00');
INSERT INTO Avaliacao (id, usuario_id, movie_id, nota, dataAvaliacao) VALUES (209, 89, 39, 9, '2024-03-02 12:00:00');
INSERT INTO Avaliacao (id, usuario_id, movie_id, nota, dataAvaliacao) VALUES (210, 30, 19, 8, '2024-06-28 12:00:00');
INSERT INTO Avaliacao (id, usuario_id, movie_id, nota, dataAvaliacao) VALUES (211, 59, 5, 7, '2024-03-26 12:00:00');
INSERT INTO Avaliacao (id, usuario_id, movie_id, nota, dataAvaliacao) VALUES (212, 81, 38, 7, '2024-04-04 12:00:00');
INSERT INTO Avaliacao (id, usuario_id, movie_id, nota, dataAvaliacao) VALUES (213, 70, 15, 7, '2024-03-27 12:00:00');
INSERT INTO Avaliacao (id, usuario_id, movie_id, nota, dataAvaliacao) VALUES (214, 19, 5, 6, '2024-02-26 12:00:00');
INSERT INTO Avaliacao (id, usuario_id, movie_id, nota, dataAvaliacao) VALUES (215, 40, 39, 10, '2024-03-15 12:00:00');
INSERT INTO Avaliacao (id, usuario_id, movie_id, nota, dataAvaliacao) VALUES (216, 16, 30, 8, '2024-06-13 12:00:00');
INSERT INTO Avaliacao (id, usuario_id, movie_id, nota, dataAvaliacao) VALUES (217, 35, 33, 10, '2024-04-15 12:00:00');
INSERT INTO Avaliacao (id, usuario_id, movie_id, nota, dataAvaliacao) VALUES (218, 11, 39, 6, '2024-04-24 12:00:00');
INSERT INTO Avaliacao (id, usuario_id, movie_id, nota, dataAvaliacao) VALUES (219, 42, 39, 8, '2024-01-03 12:00:00');
INSERT INTO Avaliacao (id, usuario_id, movie_id, nota, dataAvaliacao) VALUES (220, 30, 44, 10, '2024-05-01 12:00:00');
INSERT INTO Avaliacao (id, usuario_id, movie_id, nota, dataAvaliacao) VALUES (221, 98, 44, 8, '2024-05-02 12:00:00');
INSERT INTO Avaliacao (id, usuario_id, movie_id, nota, dataAvaliacao) VALUES (222, 98, 12, 9, '2024-05-21 12:00:00');
INSERT INTO Avaliacao (id, usuario_id, movie_id, nota, dataAvaliacao) VALUES (223, 57, 18, 7, '2024-05-14 12:00:00');
INSERT INTO Avaliacao (id, usuario_id, movie_id, nota, dataAvaliacao) VALUES (224, 82, 32, 6, '2024-04-12 12:00:00');
INSERT INTO Avaliacao (id, usuario_id, movie_id, nota, dataAvaliacao) VALUES (225, 53, 22, 8, '2024-06-04 12:00:00');
INSERT INTO Avaliacao (id, usuario_id, movie_id, nota, dataAvaliacao) VALUES (226, 21, 22, 9, '2024-06-16 12:00:00');
INSERT INTO Avaliacao (id, usuario_id, movie_id, nota, dataAvaliacao) VALUES (227, 37, 43, 9, '2024-07-25 12:00:00');
INSERT INTO Avaliacao (id, usuario_id, movie_id, nota, dataAvaliacao) VALUES (228, 71, 3, 9, '2024-01-11 12:00:00');
INSERT INTO Avaliacao (id, usuario_id, movie_id, nota, dataAvaliacao) VALUES (229, 33, 21, 6, '2024-07-13 12:00:00');
INSERT INTO Avaliacao (id, usuario_id, movie_id, nota, dataAvaliacao) VALUES (230, 66, 1, 10, '2024-04-14 12:00:00');
INSERT INTO Avaliacao (id, usuario_id, movie_id, nota, dataAvaliacao) VALUES (231, 7, 13, 10, '2024-03-20 12:00:00');
INSERT INTO Avaliacao (id, usuario_id, movie_id, nota, dataAvaliacao) VALUES (232, 97, 32, 9, '2024-07-02 12:00:00');
INSERT INTO Avaliacao (id, usuario_id, movie_id, nota, dataAvaliacao) VALUES (233, 27, 18, 10, '2024-02-10 12:00:00');
INSERT INTO Avaliacao (id, usuario_id, movie_id, nota, dataAvaliacao) VALUES (234, 57, 45, 9, '2024-01-01 12:00:00');
INSERT INTO Avaliacao (id, usuario_id, movie_id, nota, dataAvaliacao) VALUES (235, 81, 39, 7, '2024-06-06 12:00:00');
INSERT INTO Avaliacao (id, usuario_id, movie_id, nota, dataAvaliacao) VALUES (236, 40, 36, 6, '2024-05-14 12:00:00');
INSERT INTO Avaliacao (id, usuario_id, movie_id, nota, dataAvaliacao) VALUES (237, 12, 15, 6, '2024-04-04 12:00:00');
INSERT INTO Avaliacao (id, usuario_id, movie_id, nota, dataAvaliacao) VALUES (238, 83, 10, 9, '2024-06-10 12:00:00');
INSERT INTO Avaliacao (id, usuario_id, movie_id, nota, dataAvaliacao) VALUES (239, 66, 18, 9, '2024-07-16 12:00:00');
INSERT INTO Avaliacao (id, usuario_id, movie_id, nota, dataAvaliacao) VALUES (240, 61, 16, 9, '2024-05-05 12:00:00');
INSERT INTO Avaliacao (id, usuario_id, movie_id, nota, dataAvaliacao) VALUES (241, 50, 13, 10, '2024-05-24 12:00:00');
INSERT INTO Avaliacao (id, usuario_id, movie_id, nota, dataAvaliacao) VALUES (242, 18, 5, 8, '2024-07-26 12:00:00');
INSERT INTO Avaliacao (id, usuario_id, movie_id, nota, dataAvaliacao) VALUES (243, 54, 22, 10, '2024-03-27 12:00:00');
INSERT INTO Avaliacao (id, usuario_id, movie_id, nota, dataAvaliacao) VALUES (244, 1, 19, 8, '2024-07-19 12:00:00');
INSERT INTO Avaliacao (id, usuario_id, movie_id, nota, dataAvaliacao) VALUES (245, 75, 43, 9, '2024-07-05 12:00:00');
INSERT INTO Avaliacao (id, usuario_id, movie_id, nota, dataAvaliacao) VALUES (246, 58, 35, 9, '2024-03-11 12:00:00');
INSERT INTO Avaliacao (id, usuario_id, movie_id, nota, dataAvaliacao) VALUES (247, 71, 35, 9, '2024-04-11 12:00:00');
INSERT INTO Avaliacao (id, usuario_id, movie_id, nota, dataAvaliacao) VALUES (248, 25, 45, 7, '2024-05-13 12:00:00');
INSERT INTO Avaliacao (id, usuario_id, movie_id, nota, dataAvaliacao) VALUES (249, 30, 27, 6, '2024-03-24 12:00:00');
INSERT INTO Avaliacao (id, usuario_id, movie_id, nota, dataAvaliacao) VALUES (250, 61, 25, 9, '2024-06-26 12:00:00');
INSERT INTO Avaliacao (id, usuario_id, movie_id, nota, dataAvaliacao) VALUES (251, 84, 10, 9, '2024-01-05 12:00:00');
INSERT INTO Avaliacao (id, usuario_id, movie_id, nota, dataAvaliacao) VALUES (252, 65, 38, 8, '2024-07-04 12:00:00');
INSERT INTO Avaliacao (id, usuario_id, movie_id, nota, dataAvaliacao) VALUES (253, 57, 7, 10, '2024-04-01 12:00:00');
INSERT INTO Avaliacao (id, usuario_id, movie_id, nota, dataAvaliacao) VALUES (254, 93, 10, 9, '2024-07-21 12:00:00');
INSERT INTO Avaliacao (id, usuario_id, movie_id, nota, dataAvaliacao) VALUES (255, 20, 5, 9, '2024-07-09 12:00:00');
INSERT INTO Avaliacao (id, usuario_id, movie_id, nota, dataAvaliacao) VALUES (256, 44, 40, 9, '2024-06-03 12:00:00');
INSERT INTO Avaliacao (id, usuario_id, movie_id, nota, dataAvaliacao) VALUES (257, 43, 44, 10, '2024-04-11 12:00:00');
INSERT INTO Avaliacao (id, usuario_id, movie_id, nota, dataAvaliacao) VALUES (258, 81, 32, 10, '2024-01-20 12:00:00');
INSERT INTO Avaliacao (id, usuario_id, movie_id, nota, dataAvaliacao) VALUES (259, 9, 16, 8, '2024-02-24 12:00:00');
INSERT INTO Avaliacao (id, usuario_id, movie_id, nota, dataAvaliacao) VALUES (260, 12, 28, 6, '2024-07-21 12:00:00');
INSERT INTO Avaliacao (id, usuario_id, movie_id, nota, dataAvaliacao) VALUES (261, 91, 7, 9, '2024-02-23 12:00:00');
INSERT INTO Avaliacao (id, usuario_id, movie_id, nota, dataAvaliacao) VALUES (262, 39, 2, 6, '2024-03-26 12:00:00');
INSERT INTO Avaliacao (id, usuario_id, movie_id, nota, dataAvaliacao) VALUES (263, 8, 19, 8, '2024-03-14 12:00:00');
INSERT INTO Avaliacao (id, usuario_id, movie_id, nota, dataAvaliacao) VALUES (264, 19, 16, 10, '2024-04-19 12:00:00');
INSERT INTO Avaliacao (id, usuario_id, movie_id, nota, dataAvaliacao) VALUES (265, 88, 12, 7, '2024-02-03 12:00:00');
INSERT INTO Avaliacao (id, usuario_id, movie_id, nota, dataAvaliacao) VALUES (266, 79, 25, 10, '2024-06-08 12:00:00');
INSERT INTO Avaliacao (id, usuario_id, movie_id, nota, dataAvaliacao) VALUES (267, 64, 38, 7, '2024-02-15 12:00:00');
INSERT INTO Avaliacao (id, usuario_id, movie_id, nota, dataAvaliacao) VALUES (268, 82, 17, 9, '2024-03-22 12:00:00');
INSERT INTO Avaliacao (id, usuario_id, movie_id, nota, dataAvaliacao) VALUES (269, 2, 30, 8, '2024-06-18 12:00:00');
INSERT INTO Avaliacao (id, usuario_id, movie_id, nota, dataAvaliacao) VALUES (270, 21, 5, 9, '2024-03-19 12:00:00');
INSERT INTO Avaliacao (id, usuario_id, movie_id, nota, dataAvaliacao) VALUES (271, 39, 41, 9, '2024-06-09 12:00:00');
INSERT INTO Avaliacao (id, usuario_id, movie_id, nota, dataAvaliacao) VALUES (272, 59, 20, 7, '2024-04-28 12:00:00');
INSERT INTO Avaliacao (id, usuario_id, movie_id, nota, dataAvaliacao) VALUES (273, 62, 7, 7, '2024-04-19 12:00:00');
INSERT INTO Avaliacao (id, usuario_id, movie_id, nota, dataAvaliacao) VALUES (274, 46, 37, 8, '2024-06-10 12:00:00');
INSERT INTO Avaliacao (id, usuario_id, movie_id, nota, dataAvaliacao) VALUES (275, 3, 43, 9, '2024-03-01 12:00:00');
INSERT INTO Avaliacao (id, usuario_id, movie_id, nota, dataAvaliacao) VALUES (276, 73, 44, 6, '2024-05-24 12:00:00');
INSERT INTO Avaliacao (id, usuario_id, movie_id, nota, dataAvaliacao) VALUES (277, 64, 19, 7, '2024-05-26 12:00:00');
INSERT INTO Avaliacao (id, usuario_id, movie_id, nota, dataAvaliacao) VALUES (278, 46, 15, 7, '2024-05-09 12:00:00');
INSERT INTO Avaliacao (id, usuario_id, movie_id, nota, dataAvaliacao) VALUES (279, 87, 43, 7, '2024-06-04 12:00:00');
INSERT INTO Avaliacao (id, usuario_id, movie_id, nota, dataAvaliacao) VALUES (280, 81, 42, 6, '2024-03-26 12:00:00');
INSERT INTO Avaliacao (id, usuario_id, movie_id, nota, dataAvaliacao) VALUES (281, 57, 3, 10, '2024-03-24 12:00:00');
INSERT INTO Avaliacao (id, usuario_id, movie_id, nota, dataAvaliacao) VALUES (282, 17, 6, 8, '2024-03-24 12:00:00');
INSERT INTO Avaliacao (id, usuario_id, movie_id, nota, dataAvaliacao) VALUES (283, 54, 12, 7, '2024-02-26 12:00:00');
INSERT INTO Avaliacao (id, usuario_id, movie_id, nota, dataAvaliacao) VALUES (284, 70, 24, 10, '2024-05-09 12:00:00');
INSERT INTO Avaliacao (id, usuario_id, movie_id, nota, dataAvaliacao) VALUES (285, 22, 17, 9, '2024-07-10 12:00:00');
INSERT INTO Avaliacao (id, usuario_id, movie_id, nota, dataAvaliacao) VALUES (286, 96, 22, 6, '2024-04-03 12:00:00');
INSERT INTO Avaliacao (id, usuario_id, movie_id, nota, dataAvaliacao) VALUES (287, 19, 15, 9, '2024-07-26 12:00:00');
INSERT INTO Avaliacao (id, usuario_id, movie_id, nota, dataAvaliacao) VALUES (288, 72, 24, 6, '2024-07-13 12:00:00');
INSERT INTO Avaliacao (id, usuario_id, movie_id, nota, dataAvaliacao) VALUES (289, 2, 17, 10, '2024-01-15 12:00:00');
INSERT INTO Avaliacao (id, usuario_id, movie_id, nota, dataAvaliacao) VALUES (290, 48, 44, 8, '2024-05-13 12:00:00');
INSERT INTO Avaliacao (id, usuario_id, movie_id, nota, dataAvaliacao) VALUES (291, 82, 24, 6, '2024-06-08 12:00:00');
INSERT INTO Avaliacao (id, usuario_id, movie_id, nota, dataAvaliacao) VALUES (292, 61, 2, 10, '2024-05-11 12:00:00');
INSERT INTO Avaliacao (id, usuario_id, movie_id, nota, dataAvaliacao) VALUES (293, 79, 15, 6, '2024-06-27 12:00:00');
INSERT INTO Avaliacao (id, usuario_id, movie_id, nota, dataAvaliacao) VALUES (294, 60, 45, 8, '2024-06-14 12:00:00');
INSERT INTO Avaliacao (id, usuario_id, movie_id, nota, dataAvaliacao) VALUES (295, 15, 9, 6, '2024-01-10 12:00:00');
INSERT INTO Avaliacao (id, usuario_id, movie_id, nota, dataAvaliacao) VALUES (296, 64, 8, 6, '2024-02-18 12:00:00');
INSERT INTO Avaliacao (id, usuario_id, movie_id, nota, dataAvaliacao) VALUES (297, 18, 25, 9, '2024-03-22 12:00:00');
INSERT INTO Avaliacao (id, usuario_id, movie_id, nota, dataAvaliacao) VALUES (298, 96, 45, 10, '2024-04-19 12:00:00');
INSERT INTO Avaliacao (id, usuario_id, movie_id, nota, dataAvaliacao) VALUES (299, 96, 10, 9, '2024-06-04 12:00:00');
INSERT INTO Avaliacao (id, usuario_id, movie_id, nota, dataAvaliacao) VALUES (300, 63, 40, 9, '2024-03-02 12:00:00');
INSERT INTO Avaliacao (id, usuario_id, movie_id, nota, dataAvaliacao) VALUES (301, 89, 24, 7, '2024-04-15 12:00:00');
INSERT INTO Avaliacao (id, usuario_id, movie_id, nota, dataAvaliacao) VALUES (302, 31, 24, 6, '2024-06-12 12:00:00');
INSERT INTO Avaliacao (id, usuario_id, movie_id, nota, dataAvaliacao) VALUES (303, 70, 42, 8, '2024-01-13 12:00:00');
INSERT INTO Avaliacao (id, usuario_id, movie_id, nota, dataAvaliacao) VALUES (304, 36, 13, 6, '2024-07-27 12:00:00');
INSERT INTO Avaliacao (id, usuario_id, movie_id, nota, dataAvaliacao) VALUES (305, 59, 6, 7, '2024-06-21 12:00:00');
INSERT INTO Avaliacao (id, usuario_id, movie_id, nota, dataAvaliacao) VALUES (306, 77, 2, 6, '2024-07-11 12:00:00');
INSERT INTO Avaliacao (id, usuario_id, movie_id, nota, dataAvaliacao) VALUES (307, 32, 9, 10, '2024-02-03 12:00:00');
INSERT INTO Avaliacao (id, usuario_id, movie_id, nota, dataAvaliacao) VALUES (308, 98, 36, 7, '2024-05-07 12:00:00');
INSERT INTO Avaliacao (id, usuario_id, movie_id, nota, dataAvaliacao) VALUES (309, 30, 22, 7, '2024-07-20 12:00:00');
INSERT INTO Avaliacao (id, usuario_id, movie_id, nota, dataAvaliacao) VALUES (310, 1, 18, 7, '2024-02-18 12:00:00');
INSERT INTO Avaliacao (id, usuario_id, movie_id, nota, dataAvaliacao) VALUES (311, 33, 12, 6, '2024-06-28 12:00:00');
INSERT INTO Avaliacao (id, usuario_id, movie_id, nota, dataAvaliacao) VALUES (312, 4, 9, 6, '2024-03-26 12:00:00');
INSERT INTO Avaliacao (id, usuario_id, movie_id, nota, dataAvaliacao) VALUES (313, 31, 38, 8, '2024-01-06 12:00:00');
INSERT INTO Avaliacao (id, usuario_id, movie_id, nota, dataAvaliacao) VALUES (314, 34, 4, 7, '2024-06-14 12:00:00');
INSERT INTO Avaliacao (id, usuario_id, movie_id, nota, dataAvaliacao) VALUES (315, 68, 8, 6, '2024-04-15 12:00:00');
INSERT INTO Avaliacao (id, usuario_id, movie_id, nota, dataAvaliacao) VALUES (316, 100, 24, 10, '2024-05-04 12:00:00');
INSERT INTO Avaliacao (id, usuario_id, movie_id, nota, dataAvaliacao) VALUES (317, 58, 33, 7, '2024-05-02 12:00:00');
INSERT INTO Avaliacao (id, usuario_id, movie_id, nota, dataAvaliacao) VALUES (318, 94, 43, 10, '2024-03-15 12:00:00');
INSERT INTO Avaliacao (id, usuario_id, movie_id, nota, dataAvaliacao) VALUES (319, 83, 2, 6, '2024-04-28 12:00:00');
INSERT INTO Avaliacao (id, usuario_id, movie_id, nota, dataAvaliacao) VALUES (320, 52, 28, 6, '2024-04-23 12:00:00');
INSERT INTO Avaliacao (id, usuario_id, movie_id, nota, dataAvaliacao) VALUES (321, 57, 5, 6, '2024-03-20 12:00:00');
INSERT INTO Avaliacao (id, usuario_id, movie_id, nota, dataAvaliacao) VALUES (322, 19, 5, 7, '2024-03-20 12:00:00');
INSERT INTO Avaliacao (id, usuario_id, movie_id, nota, dataAvaliacao) VALUES (323, 82, 38, 10, '2024-06-11 12:00:00');
INSERT INTO Avaliacao (id, usuario_id, movie_id, nota, dataAvaliacao) VALUES (324, 49, 39, 10, '2024-03-15 12:00:00');
INSERT INTO Avaliacao (id, usuario_id, movie_id, nota, dataAvaliacao) VALUES (325, 65, 39, 9, '2024-01-26 12:00:00');
INSERT INTO Avaliacao (id, usuario_id, movie_id, nota, dataAvaliacao) VALUES (326, 90, 8, 10, '2024-06-28 12:00:00');
INSERT INTO Avaliacao (id, usuario_id, movie_id, nota, dataAvaliacao) VALUES (327, 28, 28, 9, '2024-02-14 12:00:00');
INSERT INTO Avaliacao (id, usuario_id, movie_id, nota, dataAvaliacao) VALUES (328, 44, 30, 9, '2024-04-24 12:00:00');
INSERT INTO Avaliacao (id, usuario_id, movie_id, nota, dataAvaliacao) VALUES (329, 13, 21, 9, '2024-03-22 12:00:00');
INSERT INTO Avaliacao (id, usuario_id, movie_id, nota, dataAvaliacao) VALUES (330, 33, 24, 7, '2024-06-16 12:00:00');
INSERT INTO Avaliacao (id, usuario_id, movie_id, nota, dataAvaliacao) VALUES (331, 9, 6, 6, '2024-01-14 12:00:00');
INSERT INTO Avaliacao (id, usuario_id, movie_id, nota, dataAvaliacao) VALUES (332, 13, 24, 7, '2024-05-02 12:00:00');
INSERT INTO Avaliacao (id, usuario_id, movie_id, nota, dataAvaliacao) VALUES (333, 76, 36, 10, '2024-03-22 12:00:00');
INSERT INTO Avaliacao (id, usuario_id, movie_id, nota, dataAvaliacao) VALUES (334, 16, 27, 8, '2024-07-22 12:00:00');
INSERT INTO Avaliacao (id, usuario_id, movie_id, nota, dataAvaliacao) VALUES (335, 97, 28, 6, '2024-03-20 12:00:00');
INSERT INTO Avaliacao (id, usuario_id, movie_id, nota, dataAvaliacao) VALUES (336, 40, 23, 6, '2024-05-17 12:00:00');
INSERT INTO Avaliacao (id, usuario_id, movie_id, nota, dataAvaliacao) VALUES (337, 28, 10, 9, '2024-02-28 12:00:00');
INSERT INTO Avaliacao (id, usuario_id, movie_id, nota, dataAvaliacao) VALUES (338, 14, 23, 10, '2024-03-04 12:00:00');
INSERT INTO Avaliacao (id, usuario_id, movie_id, nota, dataAvaliacao) VALUES (339, 98, 18, 10, '2024-02-26 12:00:00');
INSERT INTO Avaliacao (id, usuario_id, movie_id, nota, dataAvaliacao) VALUES (340, 55, 36, 10, '2024-05-22 12:00:00');
INSERT INTO Avaliacao (id, usuario_id, movie_id, nota, dataAvaliacao) VALUES (341, 83, 36, 6, '2024-05-22 12:00:00');
INSERT INTO Avaliacao (id, usuario_id, movie_id, nota, dataAvaliacao) VALUES (342, 89, 18, 6, '2024-02-09 12:00:00');
INSERT INTO Avaliacao (id, usuario_id, movie_id, nota, dataAvaliacao) VALUES (343, 90, 20, 8, '2024-03-01 12:00:00');
INSERT INTO Avaliacao (id, usuario_id, movie_id, nota, dataAvaliacao) VALUES (344, 24, 10, 10, '2024-06-13 12:00:00');
INSERT INTO Avaliacao (id, usuario_id, movie_id, nota, dataAvaliacao) VALUES (345, 9, 10, 6, '2024-01-24 12:00:00');
INSERT INTO Avaliacao (id, usuario_id, movie_id, nota, dataAvaliacao) VALUES (346, 68, 14, 9, '2024-04-15 12:00:00');
INSERT INTO Avaliacao (id, usuario_id, movie_id, nota, dataAvaliacao) VALUES (347, 44, 11, 8, '2024-03-24 12:00:00');
INSERT INTO Avaliacao (id, usuario_id, movie_id, nota, dataAvaliacao) VALUES (348, 42, 37, 10, '2024-01-02 12:00:00');
INSERT INTO Avaliacao (id, usuario_id, movie_id, nota, dataAvaliacao) VALUES (349, 20, 11, 10, '2024-01-22 12:00:00');
INSERT INTO Avaliacao (id, usuario_id, movie_id, nota, dataAvaliacao) VALUES (350, 11, 18, 9, '2024-06-14 12:00:00');
INSERT INTO Avaliacao (id, usuario_id, movie_id, nota, dataAvaliacao) VALUES (351, 63, 39, 9, '2024-04-09 12:00:00');
INSERT INTO Avaliacao (id, usuario_id, movie_id, nota, dataAvaliacao) VALUES (352, 28, 33, 6, '2024-03-14 12:00:00');
INSERT INTO Avaliacao (id, usuario_id, movie_id, nota, dataAvaliacao) VALUES (353, 15, 19, 10, '2024-04-17 12:00:00');
INSERT INTO Avaliacao (id, usuario_id, movie_id, nota, dataAvaliacao) VALUES (354, 86, 20, 6, '2024-02-13 12:00:00');
INSERT INTO Avaliacao (id, usuario_id, movie_id, nota, dataAvaliacao) VALUES (355, 77, 4, 6, '2024-02-10 12:00:00');
INSERT INTO Avaliacao (id, usuario_id, movie_id, nota, dataAvaliacao) VALUES (356, 28, 9, 8, '2024-03-11 12:00:00');
INSERT INTO Avaliacao (id, usuario_id, movie_id, nota, dataAvaliacao) VALUES (357, 16, 1, 9, '2024-06-14 12:00:00');
INSERT INTO Avaliacao (id, usuario_id, movie_id, nota, dataAvaliacao) VALUES (358, 23, 9, 9, '2024-05-23 12:00:00');
INSERT INTO Avaliacao (id, usuario_id, movie_id, nota, dataAvaliacao) VALUES (359, 30, 33, 10, '2024-07-22 12:00:00');
INSERT INTO Avaliacao (id, usuario_id, movie_id, nota, dataAvaliacao) VALUES (360, 46, 5, 9, '2024-07-24 12:00:00');
INSERT INTO Avaliacao (id, usuario_id, movie_id, nota, dataAvaliacao) VALUES (361, 6, 28, 6, '2024-04-03 12:00:00');
INSERT INTO Avaliacao (id, usuario_id, movie_id, nota, dataAvaliacao) VALUES (362, 41, 37, 9, '2024-05-13 12:00:00');
INSERT INTO Avaliacao (id, usuario_id, movie_id, nota, dataAvaliacao) VALUES (363, 91, 41, 9, '2024-03-04 12:00:00');
INSERT INTO Avaliacao (id, usuario_id, movie_id, nota, dataAvaliacao) VALUES (364, 52, 2, 8, '2024-02-26 12:00:00');
INSERT INTO Avaliacao (id, usuario_id, movie_id, nota, dataAvaliacao) VALUES (365, 80, 30, 8, '2024-01-14 12:00:00');
INSERT INTO Avaliacao (id, usuario_id, movie_id, nota, dataAvaliacao) VALUES (366, 14, 16, 9, '2024-05-13 12:00:00');
INSERT INTO Avaliacao (id, usuario_id, movie_id, nota, dataAvaliacao) VALUES (367, 68, 6, 9, '2024-07-10 12:00:00');
INSERT INTO Avaliacao (id, usuario_id, movie_id, nota, dataAvaliacao) VALUES (368, 96, 22, 7, '2024-03-25 12:00:00');
INSERT INTO Avaliacao (id, usuario_id, movie_id, nota, dataAvaliacao) VALUES (369, 22, 5, 10, '2024-06-04 12:00:00');
INSERT INTO Avaliacao (id, usuario_id, movie_id, nota, dataAvaliacao) VALUES (370, 68, 33, 7, '2024-07-12 12:00:00');
INSERT INTO Avaliacao (id, usuario_id, movie_id, nota, dataAvaliacao) VALUES (371, 45, 42, 7, '2024-02-04 12:00:00');
INSERT INTO Avaliacao (id, usuario_id, movie_id, nota, dataAvaliacao) VALUES (372, 19, 17, 7, '2024-02-20 12:00:00');
INSERT INTO Avaliacao (id, usuario_id, movie_id, nota, dataAvaliacao) VALUES (373, 20, 42, 6, '2024-02-25 12:00:00');
INSERT INTO Avaliacao (id, usuario_id, movie_id, nota, dataAvaliacao) VALUES (374, 81, 32, 9, '2024-07-19 12:00:00');
INSERT INTO Avaliacao (id, usuario_id, movie_id, nota, dataAvaliacao) VALUES (375, 98, 38, 9, '2024-06-19 12:00:00');
INSERT INTO Avaliacao (id, usuario_id, movie_id, nota, dataAvaliacao) VALUES (376, 83, 41, 10, '2024-03-28 12:00:00');
INSERT INTO Avaliacao (id, usuario_id, movie_id, nota, dataAvaliacao) VALUES (377, 81, 21, 7, '2024-04-03 12:00:00');
INSERT INTO Avaliacao (id, usuario_id, movie_id, nota, dataAvaliacao) VALUES (378, 61, 29, 8, '2024-07-09 12:00:00');
INSERT INTO Avaliacao (id, usuario_id, movie_id, nota, dataAvaliacao) VALUES (379, 76, 4, 8, '2024-05-03 12:00:00');
INSERT INTO Avaliacao (id, usuario_id, movie_id, nota, dataAvaliacao) VALUES (380, 40, 30, 9, '2024-01-02 12:00:00');
INSERT INTO Avaliacao (id, usuario_id, movie_id, nota, dataAvaliacao) VALUES (381, 48, 19, 6, '2024-06-28 12:00:00');
INSERT INTO Avaliacao (id, usuario_id, movie_id, nota, dataAvaliacao) VALUES (382, 12, 40, 10, '2024-05-13 12:00:00');
INSERT INTO Avaliacao (id, usuario_id, movie_id, nota, dataAvaliacao) VALUES (383, 60, 38, 10, '2024-07-24 12:00:00');
INSERT INTO Avaliacao (id, usuario_id, movie_id, nota, dataAvaliacao) VALUES (384, 6, 29, 10, '2024-06-07 12:00:00');
INSERT INTO Avaliacao (id, usuario_id, movie_id, nota, dataAvaliacao) VALUES (385, 42, 39, 9, '2024-05-05 12:00:00');
INSERT INTO Avaliacao (id, usuario_id, movie_id, nota, dataAvaliacao) VALUES (386, 8, 29, 6, '2024-07-27 12:00:00');
INSERT INTO Avaliacao (id, usuario_id, movie_id, nota, dataAvaliacao) VALUES (387, 44, 6, 10, '2024-06-06 12:00:00');
INSERT INTO Avaliacao (id, usuario_id, movie_id, nota, dataAvaliacao) VALUES (388, 6, 16, 9, '2024-04-17 12:00:00');
INSERT INTO Avaliacao (id, usuario_id, movie_id, nota, dataAvaliacao) VALUES (389, 67, 40, 7, '2024-03-12 12:00:00');
INSERT INTO Avaliacao (id, usuario_id, movie_id, nota, dataAvaliacao) VALUES (390, 37, 25, 9, '2024-07-11 12:00:00');
INSERT INTO Avaliacao (id, usuario_id, movie_id, nota, dataAvaliacao) VALUES (391, 87, 39, 6, '2024-07-21 12:00:00');
INSERT INTO Avaliacao (id, usuario_id, movie_id, nota, dataAvaliacao) VALUES (392, 83, 22, 6, '2024-03-04 12:00:00');
INSERT INTO Avaliacao (id, usuario_id, movie_id, nota, dataAvaliacao) VALUES (393, 72, 44, 9, '2024-03-09 12:00:00');
INSERT INTO Avaliacao (id, usuario_id, movie_id, nota, dataAvaliacao) VALUES (394, 93, 43, 10, '2024-07-05 12:00:00');
INSERT INTO Avaliacao (id, usuario_id, movie_id, nota, dataAvaliacao) VALUES (395, 43, 6, 10, '2024-06-05 12:00:00');
INSERT INTO Avaliacao (id, usuario_id, movie_id, nota, dataAvaliacao) VALUES (396, 45, 20, 9, '2024-02-20 12:00:00');
INSERT INTO Avaliacao (id, usuario_id, movie_id, nota, dataAvaliacao) VALUES (397, 91, 6, 8, '2024-05-13 12:00:00');
INSERT INTO Avaliacao (id, usuario_id, movie_id, nota, dataAvaliacao) VALUES (398, 83, 22, 7, '2024-06-23 12:00:00');
INSERT INTO Avaliacao (id, usuario_id, movie_id, nota, dataAvaliacao) VALUES (399, 95, 44, 10, '2024-01-21 12:00:00');
INSERT INTO Avaliacao (id, usuario_id, movie_id, nota, dataAvaliacao) VALUES (400, 86, 28, 10, '2024-03-01 12:00:00');
INSERT INTO Avaliacao (id, usuario_id, movie_id, nota, dataAvaliacao) VALUES (401, 47, 20, 7, '2024-02-11 12:00:00');
INSERT INTO Avaliacao (id, usuario_id, movie_id, nota, dataAvaliacao) VALUES (402, 99, 32, 7, '2024-02-05 12:00:00');
INSERT INTO Avaliacao (id, usuario_id, movie_id, nota, dataAvaliacao) VALUES (403, 20, 5, 8, '2024-07-26 12:00:00');
INSERT INTO Avaliacao (id, usuario_id, movie_id, nota, dataAvaliacao) VALUES (404, 13, 33, 10, '2024-07-24 12:00:00');
INSERT INTO Avaliacao (id, usuario_id, movie_id, nota, dataAvaliacao) VALUES (405, 68, 3, 8, '2024-07-20 12:00:00');
INSERT INTO Avaliacao (id, usuario_id, movie_id, nota, dataAvaliacao) VALUES (406, 17, 39, 9, '2024-02-06 12:00:00');
INSERT INTO Avaliacao (id, usuario_id, movie_id, nota, dataAvaliacao) VALUES (407, 24, 45, 10, '2024-07-06 12:00:00');
INSERT INTO Avaliacao (id, usuario_id, movie_id, nota, dataAvaliacao) VALUES (408, 93, 29, 6, '2024-04-12 12:00:00');
INSERT INTO Avaliacao (id, usuario_id, movie_id, nota, dataAvaliacao) VALUES (409, 87, 16, 9, '2024-05-10 12:00:00');
INSERT INTO Avaliacao (id, usuario_id, movie_id, nota, dataAvaliacao) VALUES (410, 97, 29, 7, '2024-05-08 12:00:00');
INSERT INTO Avaliacao (id, usuario_id, movie_id, nota, dataAvaliacao) VALUES (411, 40, 31, 7, '2024-03-22 12:00:00');
INSERT INTO Avaliacao (id, usuario_id, movie_id, nota, dataAvaliacao) VALUES (412, 74, 29, 9, '2024-07-10 12:00:00');
INSERT INTO Avaliacao (id, usuario_id, movie_id, nota, dataAvaliacao) VALUES (413, 100, 25, 10, '2024-05-14 12:00:00');
INSERT INTO Avaliacao (id, usuario_id, movie_id, nota, dataAvaliacao) VALUES (414, 21, 13, 10, '2024-02-28 12:00:00');
INSERT INTO Avaliacao (id, usuario_id, movie_id, nota, dataAvaliacao) VALUES (415, 33, 4, 9, '2024-07-12 12:00:00');
INSERT INTO Avaliacao (id, usuario_id, movie_id, nota, dataAvaliacao) VALUES (416, 71, 7, 10, '2024-07-04 12:00:00');
INSERT INTO Avaliacao (id, usuario_id, movie_id, nota, dataAvaliacao) VALUES (417, 37, 6, 7, '2024-03-15 12:00:00');
INSERT INTO Avaliacao (id, usuario_id, movie_id, nota, dataAvaliacao) VALUES (418, 66, 10, 9, '2024-01-08 12:00:00');
INSERT INTO Avaliacao (id, usuario_id, movie_id, nota, dataAvaliacao) VALUES (419, 58, 23, 6, '2024-04-02 12:00:00');
INSERT INTO Avaliacao (id, usuario_id, movie_id, nota, dataAvaliacao) VALUES (420, 51, 33, 8, '2024-02-13 12:00:00');
INSERT INTO Avaliacao (id, usuario_id, movie_id, nota, dataAvaliacao) VALUES (421, 11, 24, 7, '2024-01-11 12:00:00');
INSERT INTO Avaliacao (id, usuario_id, movie_id, nota, dataAvaliacao) VALUES (422, 13, 42, 8, '2024-07-05 12:00:00');
INSERT INTO Avaliacao (id, usuario_id, movie_id, nota, dataAvaliacao) VALUES (423, 18, 3, 8, '2024-07-16 12:00:00');
INSERT INTO Avaliacao (id, usuario_id, movie_id, nota, dataAvaliacao) VALUES (424, 90, 9, 9, '2024-04-20 12:00:00');
INSERT INTO Avaliacao (id, usuario_id, movie_id, nota, dataAvaliacao) VALUES (425, 1, 6, 6, '2024-03-07 12:00:00');
INSERT INTO Avaliacao (id, usuario_id, movie_id, nota, dataAvaliacao) VALUES (426, 20, 36, 10, '2024-05-14 12:00:00');
INSERT INTO Avaliacao (id, usuario_id, movie_id, nota, dataAvaliacao) VALUES (427, 15, 19, 7, '2024-03-04 12:00:00');
INSERT INTO Avaliacao (id, usuario_id, movie_id, nota, dataAvaliacao) VALUES (428, 7, 16, 9, '2024-06-26 12:00:00');
INSERT INTO Avaliacao (id, usuario_id, movie_id, nota, dataAvaliacao) VALUES (429, 80, 30, 6, '2024-01-27 12:00:00');
INSERT INTO Avaliacao (id, usuario_id, movie_id, nota, dataAvaliacao) VALUES (430, 64, 39, 10, '2024-01-21 12:00:00');
INSERT INTO Avaliacao (id, usuario_id, movie_id, nota, dataAvaliacao) VALUES (431, 66, 37, 7, '2024-06-05 12:00:00');
INSERT INTO Avaliacao (id, usuario_id, movie_id, nota, dataAvaliacao) VALUES (432, 38, 28, 6, '2024-05-12 12:00:00');
INSERT INTO Avaliacao (id, usuario_id, movie_id, nota, dataAvaliacao) VALUES (433, 31, 37, 9, '2024-02-22 12:00:00');
INSERT INTO Avaliacao (id, usuario_id, movie_id, nota, dataAvaliacao) VALUES (434, 86, 6, 10, '2024-03-03 12:00:00');
INSERT INTO Avaliacao (id, usuario_id, movie_id, nota, dataAvaliacao) VALUES (435, 68, 35, 10, '2024-07-17 12:00:00');
INSERT INTO Avaliacao (id, usuario_id, movie_id, nota, dataAvaliacao) VALUES (436, 71, 2, 9, '2024-07-16 12:00:00');
INSERT INTO Avaliacao (id, usuario_id, movie_id, nota, dataAvaliacao) VALUES (437, 6, 41, 9, '2024-03-09 12:00:00');
INSERT INTO Avaliacao (id, usuario_id, movie_id, nota, dataAvaliacao) VALUES (438, 96, 2, 8, '2024-07-03 12:00:00');
INSERT INTO Avaliacao (id, usuario_id, movie_id, nota, dataAvaliacao) VALUES (439, 45, 16, 6, '2024-07-19 12:00:00');
INSERT INTO Avaliacao (id, usuario_id, movie_id, nota, dataAvaliacao) VALUES (440, 95, 22, 7, '2024-01-12 12:00:00');
INSERT INTO Avaliacao (id, usuario_id, movie_id, nota, dataAvaliacao) VALUES (441, 70, 22, 7, '2024-07-25 12:00:00');
INSERT INTO Avaliacao (id, usuario_id, movie_id, nota, dataAvaliacao) VALUES (442, 88, 30, 9, '2024-06-06 12:00:00');
INSERT INTO Avaliacao (id, usuario_id, movie_id, nota, dataAvaliacao) VALUES (443, 18, 5, 9, '2024-01-10 12:00:00');
INSERT INTO Avaliacao (id, usuario_id, movie_id, nota, dataAvaliacao) VALUES (444, 26, 3, 7, '2024-01-11 12:00:00');
INSERT INTO Avaliacao (id, usuario_id, movie_id, nota, dataAvaliacao) VALUES (445, 40, 33, 9, '2024-07-18 12:00:00');
INSERT INTO Avaliacao (id, usuario_id, movie_id, nota, dataAvaliacao) VALUES (446, 61, 17, 6, '2024-07-21 12:00:00');
INSERT INTO Avaliacao (id, usuario_id, movie_id, nota, dataAvaliacao) VALUES (447, 25, 19, 8, '2024-07-25 12:00:00');
INSERT INTO Avaliacao (id, usuario_id, movie_id, nota, dataAvaliacao) VALUES (448, 7, 42, 8, '2024-03-04 12:00:00');
INSERT INTO Avaliacao (id, usuario_id, movie_id, nota, dataAvaliacao) VALUES (449, 48, 28, 9, '2024-06-15 12:00:00');
INSERT INTO Avaliacao (id, usuario_id, movie_id, nota, dataAvaliacao) VALUES (450, 50, 22, 7, '2024-04-23 12:00:00');
INSERT INTO Avaliacao (id, usuario_id, movie_id, nota, dataAvaliacao) VALUES (451, 64, 24, 10, '2024-03-26 12:00:00');
INSERT INTO Avaliacao (id, usuario_id, movie_id, nota, dataAvaliacao) VALUES (452, 11, 28, 6, '2024-04-20 12:00:00');
INSERT INTO Avaliacao (id, usuario_id, movie_id, nota, dataAvaliacao) VALUES (453, 24, 35, 8, '2024-03-04 12:00:00');
INSERT INTO Avaliacao (id, usuario_id, movie_id, nota, dataAvaliacao) VALUES (454, 11, 21, 8, '2024-03-15 12:00:00');
INSERT INTO Avaliacao (id, usuario_id, movie_id, nota, dataAvaliacao) VALUES (455, 78, 28, 7, '2024-06-15 12:00:00');
INSERT INTO Avaliacao (id, usuario_id, movie_id, nota, dataAvaliacao) VALUES (456, 45, 29, 6, '2024-06-28 12:00:00');
INSERT INTO Avaliacao (id, usuario_id, movie_id, nota, dataAvaliacao) VALUES (457, 46, 40, 9, '2024-03-21 12:00:00');
INSERT INTO Avaliacao (id, usuario_id, movie_id, nota, dataAvaliacao) VALUES (458, 8, 5, 9, '2024-03-17 12:00:00');
INSERT INTO Avaliacao (id, usuario_id, movie_id, nota, dataAvaliacao) VALUES (459, 96, 44, 7, '2024-01-05 12:00:00');
INSERT INTO Avaliacao (id, usuario_id, movie_id, nota, dataAvaliacao) VALUES (460, 78, 44, 9, '2024-01-05 12:00:00');
INSERT INTO Avaliacao (id, usuario_id, movie_id, nota, dataAvaliacao) VALUES (461, 9, 16, 8, '2024-03-13 12:00:00');
INSERT INTO Avaliacao (id, usuario_id, movie_id, nota, dataAvaliacao) VALUES (462, 73, 3, 10, '2024-02-22 12:00:00');
INSERT INTO Avaliacao (id, usuario_id, movie_id, nota, dataAvaliacao) VALUES (463, 58, 24, 8, '2024-04-25 12:00:00');
INSERT INTO Avaliacao (id, usuario_id, movie_id, nota, dataAvaliacao) VALUES (464, 10, 37, 7, '2024-05-12 12:00:00');
INSERT INTO Avaliacao (id, usuario_id, movie_id, nota, dataAvaliacao) VALUES (465, 51, 21, 8, '2024-02-04 12:00:00');
INSERT INTO Avaliacao (id, usuario_id, movie_id, nota, dataAvaliacao) VALUES (466, 4, 12, 9, '2024-05-13 12:00:00');
INSERT INTO Avaliacao (id, usuario_id, movie_id, nota, dataAvaliacao) VALUES (467, 72, 8, 8, '2024-07-09 12:00:00');
INSERT INTO Avaliacao (id, usuario_id, movie_id, nota, dataAvaliacao) VALUES (468, 91, 29, 7, '2024-05-10 12:00:00');
INSERT INTO Avaliacao (id, usuario_id, movie_id, nota, dataAvaliacao) VALUES (469, 89, 32, 7, '2024-01-05 12:00:00');
INSERT INTO Avaliacao (id, usuario_id, movie_id, nota, dataAvaliacao) VALUES (470, 10, 29, 7, '2024-06-15 12:00:00');
INSERT INTO Avaliacao (id, usuario_id, movie_id, nota, dataAvaliacao) VALUES (471, 12, 44, 8, '2024-06-12 12:00:00');
INSERT INTO Avaliacao (id, usuario_id, movie_id, nota, dataAvaliacao) VALUES (472, 91, 5, 10, '2024-05-10 12:00:00');
INSERT INTO Avaliacao (id, usuario_id, movie_id, nota, dataAvaliacao) VALUES (473, 39, 11, 7, '2024-07-12 12:00:00');
INSERT INTO Avaliacao (id, usuario_id, movie_id, nota, dataAvaliacao) VALUES (474, 66, 15, 6, '2024-02-26 12:00:00');
INSERT INTO Avaliacao (id, usuario_id, movie_id, nota, dataAvaliacao) VALUES (475, 18, 16, 9, '2024-01-12 12:00:00');
INSERT INTO Avaliacao (id, usuario_id, movie_id, nota, dataAvaliacao) VALUES (476, 71, 37, 8, '2024-04-26 12:00:00');
INSERT INTO Avaliacao (id, usuario_id, movie_id, nota, dataAvaliacao) VALUES (477, 71, 9, 10, '2024-01-03 12:00:00');
INSERT INTO Avaliacao (id, usuario_id, movie_id, nota, dataAvaliacao) VALUES (478, 40, 26, 9, '2024-05-14 12:00:00');
INSERT INTO Avaliacao (id, usuario_id, movie_id, nota, dataAvaliacao) VALUES (479, 99, 27, 10, '2024-01-05 12:00:00');
INSERT INTO Avaliacao (id, usuario_id, movie_id, nota, dataAvaliacao) VALUES (480, 41, 42, 6, '2024-04-15 12:00:00');
INSERT INTO Avaliacao (id, usuario_id, movie_id, nota, dataAvaliacao) VALUES (481, 88, 34, 8, '2024-02-27 12:00:00');
INSERT INTO Avaliacao (id, usuario_id, movie_id, nota, dataAvaliacao) VALUES (482, 100, 36, 10, '2024-02-25 12:00:00');
INSERT INTO Avaliacao (id, usuario_id, movie_id, nota, dataAvaliacao) VALUES (483, 17, 28, 10, '2024-07-02 12:00:00');
INSERT INTO Avaliacao (id, usuario_id, movie_id, nota, dataAvaliacao) VALUES (484, 16, 34, 7, '2024-03-06 12:00:00');
INSERT INTO Avaliacao (id, usuario_id, movie_id, nota, dataAvaliacao) VALUES (485, 21, 21, 7, '2024-03-17 12:00:00');
INSERT INTO Avaliacao (id, usuario_id, movie_id, nota, dataAvaliacao) VALUES (486, 37, 6, 8, '2024-02-21 12:00:00');
INSERT INTO Avaliacao (id, usuario_id, movie_id, nota, dataAvaliacao) VALUES (487, 71, 18, 7, '2024-06-10 12:00:00');
INSERT INTO Avaliacao (id, usuario_id, movie_id, nota, dataAvaliacao) VALUES (488, 79, 35, 6, '2024-05-21 12:00:00');
INSERT INTO Avaliacao (id, usuario_id, movie_id, nota, dataAvaliacao) VALUES (489, 22, 38, 10, '2024-02-06 12:00:00');
INSERT INTO Avaliacao (id, usuario_id, movie_id, nota, dataAvaliacao) VALUES (490, 85, 40, 10, '2024-03-27 12:00:00');
INSERT INTO Avaliacao (id, usuario_id, movie_id, nota, dataAvaliacao) VALUES (491, 73, 3, 6, '2024-01-02 12:00:00');
INSERT INTO Avaliacao (id, usuario_id, movie_id, nota, dataAvaliacao) VALUES (492, 83, 37, 8, '2024-06-07 12:00:00');
INSERT INTO Avaliacao (id, usuario_id, movie_id, nota, dataAvaliacao) VALUES (493, 99, 37, 9, '2024-05-21 12:00:00');
INSERT INTO Avaliacao (id, usuario_id, movie_id, nota, dataAvaliacao) VALUES (494, 4, 32, 10, '2024-03-21 12:00:00');
INSERT INTO Avaliacao (id, usuario_id, movie_id, nota, dataAvaliacao) VALUES (495, 39, 31, 7, '2024-07-26 12:00:00');
INSERT INTO Avaliacao (id, usuario_id, movie_id, nota, dataAvaliacao) VALUES (496, 88, 26, 8, '2024-04-03 12:00:00');
INSERT INTO Avaliacao (id, usuario_id, movie_id, nota, dataAvaliacao) VALUES (497, 89, 4, 7, '2024-04-14 12:00:00');
INSERT INTO Avaliacao (id, usuario_id, movie_id, nota, dataAvaliacao) VALUES (498, 62, 30, 7, '2024-03-20 12:00:00');
INSERT INTO Avaliacao (id, usuario_id, movie_id, nota, dataAvaliacao) VALUES (499, 19, 21, 8, '2024-06-28 12:00:00');
INSERT INTO Avaliacao (id, usuario_id, movie_id, nota, dataAvaliacao) VALUES (500, 45, 26, 7, '2024-07-12 12:00:00');


-- ===============================================
-- DATA MART - VIEWS ANALÍTICAS
-- ===============================================

-- VIEW: Top 10 filmes mais bem avaliados por gênero
CREATE OR REPLACE VIEW vw_top_filmes_por_genero AS
WITH ranking_por_genero AS (
    SELECT 
        m.genero,
        m.titulo,
        AVG(a.nota) as nota_media,
        COUNT(a.id) as total_avaliacoes,
        ROW_NUMBER() OVER (PARTITION BY m.genero ORDER BY AVG(a.nota) DESC, COUNT(a.id) DESC) as ranking
    FROM Movie m
    LEFT JOIN Avaliacao a ON m.id = a.movie_id
    GROUP BY m.id, m.genero, m.titulo
    HAVING COUNT(a.id) > 0
)
SELECT 
    genero,
    ranking as posicao,
    titulo,
    ROUND(nota_media, 2) as nota_media,
    total_avaliacoes
FROM ranking_por_genero
WHERE ranking <= 10
ORDER BY genero, ranking;

-- VIEW: Nota média por faixa etária dos usuários
CREATE OR REPLACE VIEW vw_nota_por_faixa_etaria AS
SELECT 
    CASE 
        WHEN EXTRACT(YEAR FROM CURRENT_DATE) - EXTRACT(YEAR FROM u.dataNascimento) < 25 THEN 'Jovem (18-24)'
        WHEN EXTRACT(YEAR FROM CURRENT_DATE) - EXTRACT(YEAR FROM u.dataNascimento) < 35 THEN 'Adulto Jovem (25-34)'
        WHEN EXTRACT(YEAR FROM CURRENT_DATE) - EXTRACT(YEAR FROM u.dataNascimento) < 45 THEN 'Adulto (35-44)'
        WHEN EXTRACT(YEAR FROM CURRENT_DATE) - EXTRACT(YEAR FROM u.dataNascimento) < 55 THEN 'Meia-idade (45-54)'
        ELSE 'Sênior (55+)'
    END as faixa_etaria,
    COUNT(DISTINCT u.id) as total_usuarios,
    COUNT(a.id) as total_avaliacoes,
    ROUND(AVG(a.nota), 2) as nota_media,
FROM Usuario u
LEFT JOIN Avaliacao a ON u.id = a.usuario_id
GROUP BY faixa_etaria
ORDER BY nota_media DESC;

-- VIEW: Número de avaliações por país
CREATE OR REPLACE VIEW vw_avaliacoes_por_pais AS
SELECT 
    u.pais,
    COUNT(a.id) as total_avaliacoes,
    COUNT(DISTINCT u.id) as total_usuarios,
    COUNT(DISTINCT a.movie_id) as filmes
FROM Usuario u
LEFT JOIN Avaliacao a ON u.id = a.usuario_id
GROUP BY u.pais
ORDER BY total_avaliacoes DESC;

-- 🎭 VIEW: Análise por gênero de filme
CREATE OR REPLACE VIEW vw_analise_por_genero AS
SELECT 
    m.genero,
    COUNT(DISTINCT m.id) as total_filmes,
    COUNT(a.id) as total_avaliacoes,
    ROUND(AVG(a.nota), 2) as nota_media,
    ROUND(COUNT(a.id) * 1.0 / COUNT(DISTINCT m.id), 1) as avaliacoes_por_filme,
    MIN(m.anoLancamento) as ano_mais_antigo,
    MAX(m.anoLancamento) as ano_mais_recente
FROM Movie m
LEFT JOIN Avaliacao a ON m.id = a.movie_id
GROUP BY m.genero
ORDER BY nota_media DESC;

-- 📈 VIEW: Estatísticas gerais do sistema
CREATE OR REPLACE VIEW vw_estatisticas_gerais AS
SELECT 
    'Total de Filmes' as metrica, 
    COUNT(*)::text as valor 
FROM Movie
UNION ALL
SELECT 
    'Total de Usuários', 
    COUNT(*)::text 
FROM Usuario
UNION ALL
SELECT 
    'Total de Avaliações', 
    COUNT(*)::text 
FROM Avaliacao
UNION ALL
SELECT 
    'Nota Média Geral', 
    ROUND(AVG(nota), 2)::text 
FROM Avaliacao
UNION ALL
SELECT 
    'Gêneros Disponíveis', 
    COUNT(DISTINCT genero)::text 
FROM Movie
UNION ALL
SELECT 
    'Países Representados', 
    COUNT(DISTINCT pais)::text 
FROM Usuario;